empseqno,empwantedtitle,empbusinm,coclcdnm,empwantedstdt,empwantedendt,empwantedtypenm,reglogimgnm,empwantedhomepgdetail,empwantedmobileurl
37736,주대구메트로환경 신입사원 모집 공고,대구메트로환경,,20190404,20190410,기타,http://www.work.go.kr/framework/filedownload/getImage.do?filePathName=tqyczLUvysXSEcOVhPgDCvQmE%2BHPBidOirTArICsZZJiCM9StHQ5yV8Kq35%2FAlhcfT5ZdgzpUztfB5rPfKNUG1DVT%2F8RGKdlenuiUatAb%2Fc%3D,http://www.dtro.or.kr/open_content_new/ko/sub_page/page.php?mnu_puid1=6&mnu_uid=143&regThid=74&tag=view&keyfield=&keyword=&page=1,
37727,DS부문 Test  System Package총괄 경력사원 채용,삼성전자,대기업,20190325,20190410,정규직,http://www.work.go.kr/framework/filedownload/getImage.do?filePathName=KuBCC2IodBkj%2Frlv8XuRiiUI73BW2bN9%2FqqfEB%2F4Y9edcmrGIX45juRs7kvAMjae7suWeZYPwv8GKFqD7PXO%2Fg%3D%3D,http://www.samsungcareers.com/rec/apply/ComResumeServlet?cmd=pstMain,
37726,스마트팩토리 경력사원 채용,한화시스템,대기업,20190329,20190411,정규직,http://www.work.go.kr/framework/filedownload/getImage.do?filePathName=KuBCC2IodBkj%2Frlv8XuRirdSj%2BVjsoqVhsUsSwyBhFz3RqBGvkd49AdiTGP%2BoLQ87suWeZYPwv8GKFqD7PXO%2Fg%3D%3D,https://www.hanwhain.com/web/apply/notification/view.do?rtSeq=3519,
37725,2019 신입공개채용,데상트코리아,중견기업,20190328,20190410,정규직,http://www.work.go.kr/framework/filedownload/getImage.do?filePathName=ZGI9%2BubbEcHpFsdRT26HvLzCqr%2FtRwRQKwzzy3d5Rp2XMqWCmviCgO%2FbqqijAwHZ,https://descentekorea.recruiter.co.kr/app/jobnotice/view?systemKindCode=MRS2&jobnoticeSn=8064,
37724,보도기자 시사보도제작PD 디지털콘텐츠제작PD 공개채용,국제방송교류재단,공기업,20190328,20190411,정규직,http://www.work.go.kr/framework/filedownload/getImage.do?filePathName=KuBCC2IodBkj%2Frlv8XuRio7tN8%2FfS0w1%2BizSZ9MRlvLetG%2BWxiclnlUUbiUxQaq37suWeZYPwv8GKFqD7PXO%2Fg%3D%3D,https://arirang.recruiter.co.kr/app/jobnotice/list,
37723,회계담당 경력사원 채용,풀무원식품,중견기업,20190328,20190408,정규직,http://www.work.go.kr/framework/filedownload/getImage.do?filePathName=ZGI9%2BubbEcHpFsdRT26HvLIz1q8%2BSxOTYR5bJoa4R915AtSYE3r31Ol%2B%2FCyXpbmC,https://tas-pulmuone.taleo.net/careersection/ext/moresearch.ftl,
37722,2019 상반기 신입 채용 RD 경영지원 기술,한화정밀기계,대기업,20190330,20190414,정규직,http://www.work.go.kr/framework/filedownload/getImage.do?filePathName=KuBCC2IodBkj%2Frlv8XuRirubybOA6qFJvXf5Nw3zm%2FjGOKeESAyETPpuze%2FCvamT7suWeZYPwv8GKFqD7PXO%2Fg%3D%3D,https://www.hanwhain.com/web/apply/notification/view.do?rtSeq=3463,
37721,치과 의료기기 품질보증 공정 및 출하 검사,오스템임플란트,중견기업,20190327,20190408,정규직,http://www.work.go.kr/framework/filedownload/getImage.do?filePathName=ZGI9%2BubbEcHpFsdRT26HvJC6TFqNAXgqfUxGVrcPs4WckU8dJddlUEvpX%2F4aPKev,https://osstem.recruiter.co.kr/app/jobnotice/view?systemKindCode=MRS1&jobnoticeSn=20623,
37720,경력직 공개채용,매일유업,중견기업,20190326,20190407,정규직,http://www.work.go.kr/framework/filedownload/getImage.do?filePathName=ZGI9%2BubbEcHpFsdRT26HvEmNFY5wyePPbWTff8ljMNczZnX1uJKKBeZUChObtOef,https://maeil.recruiter.co.kr/app/jobnotice/view?systemKindCode=MRS2&jobnoticeSn=8185,
37719,2019년도 상반기 신입직원대졸수준 채용 공고,한국중부발전,공기업,20190328,20190412,정규직,http://www.work.go.kr/framework/filedownload/getImage.do?filePathName=KuBCC2IodBkj%2Frlv8XuRigvCIkR%2FvcVtW2P5Z7g%2FuLedr8wbjVtwYcTlszTKjH4b7suWeZYPwv8GKFqD7PXO%2Fg%3D%3D,https://komipo.saramin.co.kr/service/komipo/1320/applicant/apply/recruit_default.asp,
37717,전산네트웍 좋은사람들 네트워크전산 관리부문 신입사원 모집,좋은사람들,,20190327,20190407,정규직,http://www.work.go.kr/framework/filedownload/getImage.do?filePathName=KuBCC2IodBkj%2Frlv8XuRipUbAk1aazq7%2FaiBZdhQ8yhAg1%2Bz7QimPU5SMJqWl6cD7suWeZYPwv8GKFqD7PXO%2Fg%3D%3D,http://www.gpin.co.kr/recruit/recruit_view.asp?m_cd=301&CurID=1000000545&PartNm=%C0%FC%BB%EA(%B3%D7%C6%AE%BF%F7)&CareerYN=N&MenuLocCD=&ResultYn=N&SehTab=0,
37716,2019 상반기 대졸 신입사원 채용,서브원,대기업,20190327,20190415,정규직,http://www.work.go.kr/framework/filedownload/getImage.do?filePathName=KuBCC2IodBkj%2Frlv8XuRik1rat8TDTUhdBWPAcPnG%2FHCiToTXxYaT8Jva%2BUiyIKy7suWeZYPwv8GKFqD7PXO%2Fg%3D%3D,http://careers.serveone.co.kr/app/job/RetrieveJobNoticesDetail.rpi,
37715,UX 디자인,라인플러스,중견기업,20190328,20190528,정규직,http://www.work.go.kr/framework/filedownload/getImage.do?filePathName=KuBCC2IodBkj%2Frlv8XuRio7tN8%2FfS0w1%2BizSZ9MRlvId5wEzldWhQQFQW5j5C9ob7suWeZYPwv8GKFqD7PXO%2Fg%3D%3D,https://recruit.linepluscorp.com/lineplus/career/detail/20002661?classId=&entTypeCd=&tag=&page=,
37714,용인합성연구2팀,일양약품,중견기업,20190327,20190420,정규직정규직전환형기간제기타,http://www.work.go.kr/framework/filedownload/getImage.do?filePathName=KuBCC2IodBkj%2Frlv8XuRimTSjRFLnub3wFSGd1zFeQwvx3igFiOYwQH0FfVb1QlE7suWeZYPwv8GKFqD7PXO%2Fg%3D%3D,http://www.ilyang.co.kr/recruit/Recruit_02_02_R.asp?BBS_Page=1&Seq_No=890,
37713,IT전략팀전산 신입경력 채용,광동제약,중견기업,20190327,20190404,정규직,http://www.work.go.kr/framework/filedownload/getImage.do?filePathName=tqyczLUvysXSEcOVhPgDCkkZ60iBcKqBTBs0yLRRjIPuTpmK12fXEDxvqO9qjv5yXYKzjtZt51bRqy7DqILQgzArhUbTVoFlN%2FfXPKzX84o%3D,https://kwangdong.recruiter.co.kr/app/jobnotice/view?systemKindCode=MRS2&jobnoticeSn=8216,
37712,2019 상반기 전문대졸 신입사원 채용,서브원,대기업,20190327,20190408,정규직,http://www.work.go.kr/framework/filedownload/getImage.do?filePathName=KuBCC2IodBkj%2Frlv8XuRik1rat8TDTUhdBWPAcPnG%2FHCiToTXxYaT8Jva%2BUiyIKy7suWeZYPwv8GKFqD7PXO%2Fg%3D%3D,http://careers.serveone.co.kr/app/job/RetrieveJobNoticesDetail.rpi,
37711,광고플랫폼 기획 AD platform product manager,라인플러스,중견기업,20190328,20190528,정규직,http://www.work.go.kr/framework/filedownload/getImage.do?filePathName=KuBCC2IodBkj%2Frlv8XuRio7tN8%2FfS0w1%2BizSZ9MRlvId5wEzldWhQQFQW5j5C9ob7suWeZYPwv8GKFqD7PXO%2Fg%3D%3D,https://recruit.linepluscorp.com/lineplus/career/detail/20002718?classId=&entTypeCd=&tag=&page=,
37710,Expert 커뮤니케이션 앱 서비스 기획분야 전문가,에스케이텔레콤,대기업,20190320,20190419,정규직,http://www.work.go.kr/framework/filedownload/getImage.do?filePathName=KuBCC2IodBkj%2Frlv8XuRiqWFTeUnC7Ku62jSw89T55S8vfkZRM3S%2FA9%2FFLaarZ0gVCYZge%2B3Ai%2BWL36%2FdbFmVg%3D%3D,https://tas-sktelecom.taleo.net/careersection/ex/moresearch.ftl?lang=ko&portal,
37708,의약개발팀 경력직 모집OTC개발 기획 등록 발매,광동제약,중견기업,20190326,20190403,정규직,http://www.work.go.kr/framework/filedownload/getImage.do?filePathName=tqyczLUvysXSEcOVhPgDCkkZ60iBcKqBTBs0yLRRjIPuTpmK12fXEDxvqO9qjv5yXYKzjtZt51bRqy7DqILQgzArhUbTVoFlN%2FfXPKzX84o%3D,https://kwangdong.recruiter.co.kr/app/jobnotice/view?systemKindCode=MRS2&jobnoticeSn=8179,
37707,부동산 자산 운영,기아자동차,대기업,20190325,20190405,정규직,http://www.work.go.kr/framework/filedownload/getImage.do?filePathName=ZGI9%2BubbEcHpFsdRT26HvLvxxitjxM%2FjKk8dcYhd3aSfASpSBCDsXmHd%2FtM5giVH,https://career.kia.com:449/kfront/webapply/applyView.do?recuYy=2019&recuType=63&recuCls=4,
37704,치과 의료기기Unit Chair 생산 기술,오스템임플란트,중견기업,20190327,20190408,정규직,http://www.work.go.kr/framework/filedownload/getImage.do?filePathName=ZGI9%2BubbEcHpFsdRT26HvJC6TFqNAXgqfUxGVrcPs4WckU8dJddlUEvpX%2F4aPKev,https://osstem.recruiter.co.kr/app/jobnotice/view?systemKindCode=MRS1&jobnoticeSn=20628,
37703,회계·행정 사원 모집,동아일보사,중견기업,20190327,20190408,정규직전환형기간제기타,http://www.work.go.kr/framework/filedownload/getImage.do?filePathName=KuBCC2IodBkj%2Frlv8XuRikgep2GT9APxo9mZgivStdtVgytGiVxxRuOpkVhSbICR7suWeZYPwv8GKFqD7PXO%2Fg%3D%3D,https://damg.recruiter.co.kr/app/jobnotice/view?systemKindCode=MRS2&jobnoticeSn=8159,
37702,치과 의료기기Unit Chair 신뢰성 평가,오스템임플란트,중견기업,20190327,20190408,정규직,http://www.work.go.kr/framework/filedownload/getImage.do?filePathName=ZGI9%2BubbEcHpFsdRT26HvJC6TFqNAXgqfUxGVrcPs4WckU8dJddlUEvpX%2F4aPKev,https://osstem.recruiter.co.kr/app/jobnotice/view?systemKindCode=MRS1&jobnoticeSn=20630,
37700,화약방산 신입사원 채용,한화,대기업,20190325,20190407,정규직,http://www.work.go.kr/framework/filedownload/getImage.do?filePathName=KuBCC2IodBkj%2Frlv8XuRikqBnvDKA7hH%2B1dGR79gHXKenksUWgE4%2B8jOnrEdKYoM7suWeZYPwv8GKFqD7PXO%2Fg%3D%3D,https://www.hanwhain.com/web/apply/notification/view.do?rtSeq=3502,
37698,2019 대졸 신입사원 공채,하이프라자,대기업,20190326,20190414,정규직,http://www.work.go.kr/framework/filedownload/getImage.do?filePathName=ZGI9%2BubbEcHpFsdRT26HvPo3J2O%2FpEd1LP3KEs68bxwrwOZPOJphI8jU6zNqO9Yu,http://apply.lg.com/app/job/RetrieveJobNoticesDetail.rpi,
37697,2019년 상반기 대졸인턴 공채 정규직 전환,한섬,대기업,20190326,20190409,정규직전환형기간제기타,http://www.work.go.kr/framework/filedownload/getImage.do?filePathName=ZGI9%2BubbEcHpFsdRT26HvOpU2n3GHtzH5m1bxyfP6QFyFAwJAsB022ADTzeC7jnk,https://recruit.ehyundai.com/recruit-info/announcement/view.nhd?pageNo=1&hireGb=01&hireId=2019141&coCd=&applYn=&searchStr=,
37696,계약직연구원 채용공고국제협력,정보통신정책연구원,공기업,20190327,20190409,기간제기타,http://www.work.go.kr/framework/filedownload/getImage.do?filePathName=ZGI9%2BubbEcHpFsdRT26HvA%2FdUUi6Ts71O6nrLlxliGdwtY8ucfOA24CuUZMqDs0r,http://www.kisdi.re.kr/kisdi/fp/kr/board/selectSingleBoard.do?cmd=selectSingleBoard&boardId=GPK_HIRE&curPage=1&seq=33528&reStep=1243299&ctx=_&flag=진행중,
37695,2019년 상반기 일반직 신입 모집,지에스칼텍스,대기업,20190326,20190409,정규직,http://www.work.go.kr/framework/filedownload/getImage.do?filePathName=KuBCC2IodBkj%2Frlv8XuRiiUI73BW2bN9%2FqqfEB%2F4Y9cnw%2FbEbm4U2bYfY88Aqomb7suWeZYPwv8GKFqD7PXO%2Fg%3D%3D,http://www.gscaltex.com/employ/notice/notice_view.aspx?DM=0&cp=1&notice_no_recr=2019101,
37694,시스템기획 경력직 채용,신세계조선호텔,대기업,20190326,20190402,정규직,http://www.work.go.kr/framework/filedownload/getImage.do?filePathName=KuBCC2IodBkj%2Frlv8XuRir1l7RVuKKiEhpYtNSBbYBugt5Ekk2PfumrrUIJQO2vP7suWeZYPwv8GKFqD7PXO%2Fg%3D%3D,http://job.shinsegae.com/recruit_info/notice/notice01_view.jsp?isSearch=&tabKey0=&currentPage=1&rowsPerPage=11&notino=4488&recrtpnm=%25ED%2595%2599%25EB%25A0%25A5%25EB%25AC%25B4%25EA%25B4%2580&searchWord0=&searchKey0=&searchKey1=&searchWord1=,
37691,2019년 부문별 경력직 전문직원 채용,케이비국민카드,중견기업,20190326,20190405,정규직전환형기간제기타,http://www.work.go.kr/framework/filedownload/getImage.do?filePathName=tqyczLUvysXSEcOVhPgDCnyMDE2QBh3sa8wM34jhXZaIhjEn%2BeYFMCG8BSUIt%2FYpns63Zvpa2J66aHkelv62GI4llj4QrHHYVYh4APm9yrg%3D,https://kbcard.saramin.co.kr/_service/zlight/apply_site/apply/recruit_list.asp#,
37689,공채 13기 상반기 신입사원 모집,모바일리더,중견기업,20190327,20190411,정규직,http://www.work.go.kr/framework/filedownload/getImage.do?filePathName=KuBCC2IodBkj%2Frlv8XuRir1l7RVuKKiEhpYtNSBbYBvmO0I5YPVtzN3E6NVlJPkR7suWeZYPwv8GKFqD7PXO%2Fg%3D%3D,http://www.mobileleader.com/c_recruit/c_career_201903/,
37685,경력사원 모집,동일방직,중견기업,20190326,20190404,정규직,http://www.work.go.kr/framework/filedownload/getImage.do?filePathName=KuBCC2IodBkj%2Frlv8XuRikqBnvDKA7hH%2B1dGR79gHXKB2sdV5Eq8QZwLPKYamK0q7suWeZYPwv8GKFqD7PXO%2Fg%3D%3D,http://www.dong-il.com/,
37684,2019년도 신입직원 채용,공무원연금공단,공공기관,20190325,20190408,정규직정규직전환형기간제기타,http://www.work.go.kr/framework/filedownload/getImage.do?filePathName=ZGI9%2BubbEcHpFsdRT26HvF55dpYKoPFATdSLt27mipA8ErNDWyPqf5P7uWlQwYAE,https://geps.trns.kr/main.do,
37683,연구소 직원 채용,싸토리우스코리아바이오텍,,20190325,20190414,정규직,http://www.work.go.kr/framework/filedownload/getImage.do?filePathName=KuBCC2IodBkj%2Frlv8XuRilvT7FRgk0xUkLcRJoHEziwfKkuDu8AiJYFPGL1Ie2Jm7suWeZYPwv8GKFqD7PXO%2Fg%3D%3D,https://www.sartorius.co.kr/career/lists/?mod=document&pageid=1&uid=304,
37682,경력 HR팀 급여 담당자 채용,태준제약,중견기업,20190326,20190407,정규직,http://www.work.go.kr/framework/filedownload/getImage.do?filePathName=KuBCC2IodBkj%2Frlv8XuRinMM5IK9etyZPKzRZuH32g7pROzdd7FAChccqcz6bnFl7suWeZYPwv8GKFqD7PXO%2Fg%3D%3D,https://recruit.taejoon.co.kr:1001/apply_site/recruit/view/17681,
37681,태국 O2O 서비스LINE MAN 서버 개발,라인플러스,중견기업,20190313,20190513,정규직,http://www.work.go.kr/framework/filedownload/getImage.do?filePathName=KuBCC2IodBkj%2Frlv8XuRio7tN8%2FfS0w1%2BizSZ9MRlvId5wEzldWhQQFQW5j5C9ob7suWeZYPwv8GKFqD7PXO%2Fg%3D%3D,https://recruit.linepluscorp.com/lineplus/career/detail/20002665?classId=&entTypeCd=&tag=&page=,
37680,IT전략팀 경력사원 채용,호텔롯데,대기업,20190325,20190407,정규직,http://www.work.go.kr/framework/filedownload/getImage.do?filePathName=KuBCC2IodBkj%2Frlv8XuRiirj6mBXsPwn%2BBmhyHWkwwYMhI53BZ7hSmvbvv57ZpJ67suWeZYPwv8GKFqD7PXO%2Fg%3D%3D,http://job.lotte.co.kr/LotteRecruit/Recruit_Info/RecruitView.aspx?regtype=&emptype=20000213&keyword=&keyselect=99999&nowpage=1,
37679,2019년 상반기 경력직 채용,신한디에스,중견기업,20190325,20190408,정규직,http://www.work.go.kr/framework/filedownload/getImage.do?filePathName=KuBCC2IodBkj%2Frlv8XuRineDXKJXFPDlR7h%2BoP2qph7Bdp8I0OTzIfHNRrNZKKIj7suWeZYPwv8GKFqD7PXO%2Fg%3D%3D,https://www.shinhansys.co.kr/bbsRecruitList.do#,
37678,IT기반기술팀 경력직 수시채용 인프라 관리,교원,중견기업,20190325,20190407,정규직,http://www.work.go.kr/framework/filedownload/getImage.do?filePathName=ZGI9%2BubbEcHpFsdRT26HvByTZKDWTqYsjBQHoDR9%2FBrTO9DFwUzRmXrJh7fN4uFb,https://kyowon.recruiter.co.kr/app/jobnotice/view?systemKindCode=MRS2&jobnoticeSn=8145,
37677,Backend 개발 신입경력,에스케이엔카닷컴,대기업,20190320,20190407,정규직,http://www.work.go.kr/framework/filedownload/getImage.do?filePathName=KuBCC2IodBkj%2Frlv8XuRiluB3WEJf6b5BQH%2FSZXKxaT%2By%2BzmSBVYHERszs2ctn6V7suWeZYPwv8GKFqD7PXO%2Fg%3D%3D,https://encar.recruiter.co.kr/app/jobnotice/view?systemKindCode=MRS2&jobnoticeSn=7999,
37676,2019년 경력사원 채용,한화파워시스템,중견기업,20190326,20190415,정규직,http://www.work.go.kr/framework/filedownload/getImage.do?filePathName=KuBCC2IodBkj%2Frlv8XuRitqgbEU%2FQwlkvZWsAZW64TLYtqjgYNx18z9OSp%2BSAqYW7suWeZYPwv8GKFqD7PXO%2Fg%3D%3D,https://www.hanwhain.com/web/apply/notification/view.do?rtSeq=3507,
37675,2019년 시스템 전문가 경력채용 4월,이랜드시스템스,중견기업,20190326,20190407,정규직전환형기간제기타,http://www.work.go.kr/framework/filedownload/getImage.do?filePathName=KuBCC2IodBkj%2Frlv8XuRiu2v1bkrv8xQwB%2F0SFeJKrqdEwFenbT3gIFNIaDl0LQO7suWeZYPwv8GKFqD7PXO%2Fg%3D%3D,https://www.elandscout.com/recruit/Recruit.asp#,
37672,정보보안분야 경력사원 모집본사,엘지화학,대기업,20190318,20190404,정규직,http://www.work.go.kr/framework/filedownload/getImage.do?filePathName=KuBCC2IodBkj%2Frlv8XuRiiUI73BW2bN9%2FqqfEB%2F4Y9cg7vwEQLmdWgZ4BBzlQmSC7suWeZYPwv8GKFqD7PXO%2Fg%3D%3D,http://apply.lg.com/app/job/RetrieveJobNoticesDetail.rpi,
37671,2019년 2차 연구직무기계약직 채용,한국여성정책연구원,공공기관,20190321,20190404,기타,http://www.work.go.kr/framework/filedownload/getImage.do?filePathName=KuBCC2IodBkj%2Frlv8XuRio7tN8%2FfS0w1%2BizSZ9MRlvJoSCVyUTrOo7hBDpiOJTGn7suWeZYPwv8GKFqD7PXO%2Fg%3D%3D,http://www.kwdi.re.kr/plaza/recruitView.do?p=1&idx=123376,
37668,2019년 상반기 신입사원 모집,신세계아이앤씨,대기업,20190325,20190407,정규직,http://www.work.go.kr/framework/filedownload/getImage.do?filePathName=KuBCC2IodBkj%2Frlv8XuRir1l7RVuKKiEhpYtNSBbYBu9jdpkSfkNGHN4vvyL%2FEsc7suWeZYPwv8GKFqD7PXO%2Fg%3D%3D,http://job.shinsegae.com/recruit_info/notice/notice01_view.jsp?isSearch=&tabKey0=&currentPage=1&rowsPerPage=11&notino=4479&recrtpnm=%25EB%258C%2580%25EC%25A1%25B8%25EC%258B%25A0%25EC%259E%2585&searchWord0=&searchKey0=&searchKey1=&searchWord1=,
37667,세계지역연구센터 정규직 연구원급 채용,대외경제정책연구원,공공기관,20190325,20190408,정규직,http://www.work.go.kr/framework/filedownload/getImage.do?filePathName=ZGI9%2BubbEcHpFsdRT26HvMF72HRbFa%2B4gqy8hItAZyV%2FD8RUWwFmeGIk1p8nCGcO,https://kiep.recruiter.co.kr/app/jobnotice/view?systemKindCode=MRS2&jobnoticeSn=7990,
37666,감자연구소 신입사원 모집,오리온,중견기업,20190325,20190407,정규직,http://www.work.go.kr/framework/filedownload/getImage.do?filePathName=ZGI9%2BubbEcHpFsdRT26HvLIz1q8%2BSxOTYR5bJoa4R90pt0MWTntnrYvxQ%2Fpb32qD,https://orion.recruiter.co.kr/app/jobnotice/view?systemKindCode=MRS2&jobnoticeSn=8106,
37664,영업지원 직무 계약직 신입사원 모집서울,씨제이프레시웨이,대기업,20190322,20190407,기간제기타,http://www.work.go.kr/framework/filedownload/getImage.do?filePathName=ZGI9%2BubbEcHpFsdRT26HvPPZGr15HO6aptcGucKt1t7Fdh%2FkWFzGrgBhW%2FVdkf5a,http://recruit.cj.net/,
37661,업무혁신분야 경력사원 모집본사,엘지화학,대기업,20190318,20190404,정규직,http://www.work.go.kr/framework/filedownload/getImage.do?filePathName=KuBCC2IodBkj%2Frlv8XuRiiUI73BW2bN9%2FqqfEB%2F4Y9cg7vwEQLmdWgZ4BBzlQmSC7suWeZYPwv8GKFqD7PXO%2Fg%3D%3D,http://apply.lg.com/app/job/RetrieveJobNoticesDetail.rpi,
37660,재무회계팀 수시 채용 공고,평화정공,중견기업,20190322,20190407,정규직정규직전환형기간제기타,http://www.work.go.kr/framework/filedownload/getImage.do?filePathName=KuBCC2IodBkj%2Frlv8XuRih1GCD5YoBpxFVi%2B18JFpzA7mzApjUK1Lnx9GDALz5MC7suWeZYPwv8GKFqD7PXO%2Fg%3D%3D,http://www.phakr.com/kor/s5/view.asp?Mode=U&boardid=7&page=1&num=7,
37659,노경업무 담당자 채용,엘지유플러스,대기업,20190325,20190404,정규직,http://www.work.go.kr/framework/filedownload/getImage.do?filePathName=ZGI9%2BubbEcHpFsdRT26HvL88DIO5XqypIVrt5WFsmX8F6xVNQU98fJZdUjTyKuCX,http://apply.lg.com/app/job/RetrieveJobNoticesDetail.rpi,
37658,2019년 제 49기 공개채용,서한,,20190325,20190407,정규직,http://www.work.go.kr/framework/filedownload/getImage.do?filePathName=KuBCC2IodBkj%2Frlv8XuRisnIWNJn7jgyOUrRgdV%2F2%2F3lPd7ZIwRIJSRsguipSoCI7suWeZYPwv8GKFqD7PXO%2Fg%3D%3D,https://www.seo-han.co.kr/pr/careers-notice.php?mode=view&idx=1974&board_id=careers-notice&page=1&search_type=&search_word=&category=,
37656,생물분석 경력사원 모집,메디톡스,,20190322,20190407,정규직,http://www.work.go.kr/framework/filedownload/getImage.do?filePathName=ZGI9%2BubbEcHpFsdRT26HvOx8%2FnanuuAyfMEdFI1LPQ%2BTGt%2FSwOtfklmblLNVxPmI,https://medytox.recruiter.co.kr/app/jobnotice/view?systemKindCode=MRS2&jobnoticeSn=8086,
37655,코어뱅킹 EDW 시스템 IT 담당자 경력 5년 미만,한국카카오은행,대기업,20190326,20190526,정규직,http://www.work.go.kr/framework/filedownload/getImage.do?filePathName=KuBCC2IodBkj%2Frlv8XuRikllvXFHstD22ZTSxou4%2FB1nJxTKvrrXInEbGnSxP9M07suWeZYPwv8GKFqD7PXO%2Fg%3D%3D,https://kakaobank.recruiter.co.kr/app/jobnotice/view?systemKindCode=MRS2&jobnoticeSn=7637,
37654,Human Capital인사팀 경력직 모집,삼일회계법인,중견기업,20190326,20190414,정규직,http://www.work.go.kr/framework/filedownload/getImage.do?filePathName=KuBCC2IodBkj%2Frlv8XuRiuqNmnQMXis15PtymaGxmJx9faZgMI7pBgFC9s%2FenI8t7suWeZYPwv8GKFqD7PXO%2Fg%3D%3D,https://www.pwc.com/kr/ko/career/experienced/r379214.html,
37653,정보보안 보안 기획 담당자,한국카카오은행,대기업,20190326,20190526,정규직,http://www.work.go.kr/framework/filedownload/getImage.do?filePathName=KuBCC2IodBkj%2Frlv8XuRikllvXFHstD22ZTSxou4%2FB1nJxTKvrrXInEbGnSxP9M07suWeZYPwv8GKFqD7PXO%2Fg%3D%3D,https://kakaobank.recruiter.co.kr/app/jobnotice/view?systemKindCode=MRS2&jobnoticeSn=8121,
37648,2019년 청년인턴체험형 상반기 채용,국제방송교류재단,공기업,20190320,20190403,기간제기타,http://www.work.go.kr/framework/filedownload/getImage.do?filePathName=KuBCC2IodBkj%2Frlv8XuRio7tN8%2FfS0w1%2BizSZ9MRlvLetG%2BWxiclnlUUbiUxQaq37suWeZYPwv8GKFqD7PXO%2Fg%3D%3D,https://arirang.recruiter.co.kr/app/jobnotice/view?systemKindCode=MRS2&jobnoticeSn=7981,
37645,의약품 완제공정개발 경력사원 모집,메디톡스,,20190322,20190407,정규직,http://www.work.go.kr/framework/filedownload/getImage.do?filePathName=ZGI9%2BubbEcHpFsdRT26HvOx8%2FnanuuAyfMEdFI1LPQ%2BTGt%2FSwOtfklmblLNVxPmI,https://medytox.recruiter.co.kr/app/jobnotice/view?systemKindCode=MRS2&jobnoticeSn=8085,
37644,정규직 직원모집 공고 내과,한국원자력의학원,공기업,20190322,20190406,정규직,http://www.work.go.kr/framework/filedownload/getImage.do?filePathName=ZGI9%2BubbEcHpFsdRT26HvCtLkPmEbdw265dhQOvJqzPTjfOFHnkSRxhvU0f%2FkXpD,https://www.kirams.re.kr/kcch/recruitNoticeList.do,
37640,연봉계약직 경력 개발자 공개채용,케이비에스미디어,중견기업,20190319,20190402,기타,http://www.work.go.kr/framework/filedownload/getImage.do?filePathName=ZGI9%2BubbEcHpFsdRT26HvGnW3y23XvDMUKU6eetB8q6G2wfiUbIF0lPvJl8Essou,https://kbsmedia.saramin.co.kr/_service/zlight/apply_site/apply/recruit_list.asp#,
37639,기술연구소 생산기술 사원모집,대승,,20190313,20190412,정규직,http://www.work.go.kr/framework/filedownload/getImage.do?filePathName=KuBCC2IodBkj%2Frlv8XuRimBsDk5pBXm4c33XbNIa03hAeH1uea1o05D0KuaeY6Kt7suWeZYPwv8GKFqD7PXO%2Fg%3D%3D,http://www.dae-seung.co.kr/recruit/recruit.php?ptype=view&idx=5440&page=1&code=recruit,
37638,2019년 공무직 및 업무직 채용,한국농수산식품유통공사,공기업,20190321,20190404,정규직,http://www.work.go.kr/framework/filedownload/getImage.do?filePathName=ZGI9%2BubbEcHpFsdRT26HvPAkUClTXHOTics9W1vzwdctvYHQDcnk2qeZinRdijSo,https://at.trns.kr/main.do,
37637,데브캣 스튜디오 신규 프로젝트 서버 프로그래머 모집,넥슨코리아,중견기업,20190325,20190525,정규직,http://www.work.go.kr/framework/filedownload/getImage.do?filePathName=ZGI9%2BubbEcHpFsdRT26HvCtLkPmEbdw265dhQOvJqzN8CkDzwJCcaV3ydXwPdcwh,https://career.nexon.com/user/recruit/notice/noticeView?joinCorp=NX&reNo=20190063,
37636,품질관리 사원 모집,대승,,20190313,20190412,정규직,http://www.work.go.kr/framework/filedownload/getImage.do?filePathName=KuBCC2IodBkj%2Frlv8XuRimBsDk5pBXm4c33XbNIa03hAeH1uea1o05D0KuaeY6Kt7suWeZYPwv8GKFqD7PXO%2Fg%3D%3D,http://www.dae-seung.co.kr/recruit/recruit.php?ptype=view&idx=5441&page=1&code=recruit,
37635,플랫폼기술 Service Automation 백엔드 개발운영 담당자,한국카카오은행,대기업,20190325,20190525,정규직,http://www.work.go.kr/framework/filedownload/getImage.do?filePathName=KuBCC2IodBkj%2Frlv8XuRikllvXFHstD22ZTSxou4%2FB1nJxTKvrrXInEbGnSxP9M07suWeZYPwv8GKFqD7PXO%2Fg%3D%3D,https://kakaobank.recruiter.co.kr/app/jobnotice/view?systemKindCode=MRS2&jobnoticeSn=7899,
37632,스마트개발1팀 경력직 수시채용 웹어플리케이션 개발,교원,중견기업,20190319,20190407,정규직,http://www.work.go.kr/framework/filedownload/getImage.do?filePathName=ZGI9%2BubbEcHpFsdRT26HvByTZKDWTqYsjBQHoDR9%2FBrTO9DFwUzRmXrJh7fN4uFb,https://kyowon.recruiter.co.kr/app/jobnotice/view?systemKindCode=MRS2&jobnoticeSn=7955,
37631,2019년 상반기 신입사원 공채 모집요강,아시아나아이디티,대기업,20190321,20190405,정규직,http://www.work.go.kr/framework/filedownload/getImage.do?filePathName=KuBCC2IodBkj%2Frlv8XuRil5igCEcov4jr5wZ2dwI8yLl42dt%2B4BK%2ByYoUdo%2Fjdj%2FVCYZge%2B3Ai%2BWL36%2FdbFmVg%3D%3D,https://recruit.kumhoasiana.com:4431/jobinfo/jobinfo_view.asp?ID=1032,
37629,CICD 플랫폼 서비스 Java 개발자 채용,엔씨소프트,중견기업,20190322,20190421,정규직,http://www.work.go.kr/framework/filedownload/getImage.do?filePathName=ZGI9%2BubbEcHpFsdRT26HvD5ZNZMU%2FSFziUVQigG7EWR3%2Fc1STDnJntNsKflBvDXG,https://recruit.ncsoft.net/korean/careers/adoptionview.aspx?BID=&BC=&SYear=&SType=&SWord=%ED%94%8C%EB%9E%AB%ED%8F%BC+%EC%84%9C%EB%B9%84%EC%8A%A4&PNo=1&d1=0&d2=0&BNo=7234&Section=,
37626,IT 서비스 기획자 모집,웅진씽크빅,중견기업,20190322,20190404,정규직,http://www.work.go.kr/framework/filedownload/getImage.do?filePathName=KuBCC2IodBkj%2Frlv8XuRipY%2FR8zMU78yo4rxUVw%2FQCPV254dOReeHmTz5rDiC91I7suWeZYPwv8GKFqD7PXO%2Fg%3D%3D,https://www.woongjin.com/recruit/notice_list_new.aspx,
37625,사내변호사 채용,코오롱,대기업,20190320,20190403,정규직,http://www.work.go.kr/framework/filedownload/getImage.do?filePathName=KuBCC2IodBkj%2Frlv8XuRihSNUHb7H3Jb5gf3mKUDsNFQEvCQUCrwa3uOEcLsGchw7suWeZYPwv8GKFqD7PXO%2Fg%3D%3D,https://dream.kolon.com/RECRUIT_KOLON/hr/rec/recruit/main/controller/candidate/MainRecruitWebController/init.hr,
37621,2019 RD 장비보전시설관리 기술직 신입사원 채용,현대자동차,대기업,20190325,20190405,정규직,http://www.work.go.kr/framework/filedownload/getImage.do?filePathName=KuBCC2IodBkj%2Frlv8XuRihzAaeVsVgklu2pn1YOSbgkJgeaYMI6XBrgPOsTiAdRb7suWeZYPwv8GKFqD7PXO%2Fg%3D%3D,http://recruit.hyundai.com/hfront/webapply/applyView.do?recuYy=2019&recuType=26&recuCls=3,
37620,신사업 기획 경력사원 채용,한화시스템,대기업,20190325,20190407,정규직,http://www.work.go.kr/framework/filedownload/getImage.do?filePathName=KuBCC2IodBkj%2Frlv8XuRirdSj%2BVjsoqVhsUsSwyBhFz3RqBGvkd49AdiTGP%2BoLQ87suWeZYPwv8GKFqD7PXO%2Fg%3D%3D,https://www.hanwhain.com/web/apply/notification/view.do?rtSeq=3503,
37619,인사총무 담당자 모집 계약직,컴투스,중견기업,20190321,20190430,기타,http://www.work.go.kr/framework/filedownload/getImage.do?filePathName=ZGI9%2BubbEcHpFsdRT26HvLvxxitjxM%2FjKk8dcYhd3aSgCsdKQLZWpd9vvZn5S2p1,https://com2us.recruiter.co.kr/app/jobnotice/view?systemKindCode=MRS2&jobnoticeSn=8058,
37618,ExpertT map ContentsMap 교통정보 경로데이터 및 사용자 로그 데이터 분석 ML 예측 모델 개발,에스케이텔레콤,대기업,20190313,20190412,정규직,http://www.work.go.kr/framework/filedownload/getImage.do?filePathName=KuBCC2IodBkj%2Frlv8XuRiqWFTeUnC7Ku62jSw89T55S8vfkZRM3S%2FA9%2FFLaarZ0gVCYZge%2B3Ai%2BWL36%2FdbFmVg%3D%3D,https://tas-sktelecom.taleo.net/careersection/ex/moresearch.ftl?lang=ko&portal,
37617,Expert Cloud Network Engineering 분야 전문가,에스케이텔레콤,대기업,20190314,20190413,정규직,http://www.work.go.kr/framework/filedownload/getImage.do?filePathName=KuBCC2IodBkj%2Frlv8XuRiqWFTeUnC7Ku62jSw89T55S8vfkZRM3S%2FA9%2FFLaarZ0gVCYZge%2B3Ai%2BWL36%2FdbFmVg%3D%3D,https://tas-sktelecom.taleo.net/careersection/ex/moresearch.ftl?lang=ko&portal,
37608,2019년 경력사원 3월 정기공채,코오롱인더스트리,대기업,20190321,20190407,정규직,http://www.work.go.kr/framework/filedownload/getImage.do?filePathName=KuBCC2IodBkj%2Frlv8XuRil4ooGy4Zyk5NNK2EYYOpcWnQDDRh6M9tGO1LHjByLZs7suWeZYPwv8GKFqD7PXO%2Fg%3D%3D,https://dream.kolon.com/RECRUIT_KOLON/hr/rec/recruit/jobopen/controller/candidate/JobOpen310WebController/init.hr,
37607,정규직부연구위원 채용 공고,한국청소년정책연구원,공공기관,20190321,20190404,정규직,http://www.work.go.kr/framework/filedownload/getImage.do?filePathName=KuBCC2IodBkj%2Frlv8XuRig64nnsbulM3sQCnXxs4ac7jYuqBIYBAOfaywj%2BNWuPk7suWeZYPwv8GKFqD7PXO%2Fg%3D%3D,http://www.nypi.re.kr/brdartcl/boardarticleView.do?menu_nix=5PAq17HB&brd_id=BDIDX_8IVu162ox5qsT7617y57BG&cont_idx=1230&seltab_idx=0&edomweivgp=R,
37606,정규직 직원 공개채용 공고,한국쌀가공식품협회,중견기업,20190318,20190405,정규직,http://www.work.go.kr/framework/filedownload/getImage.do?filePathName=KuBCC2IodBkj%2Frlv8XuRijxqW3jgCCaNSRijuSmCyg0ZaZ3jc4MfLkW4%2Fb7iYBuW7suWeZYPwv8GKFqD7PXO%2Fg%3D%3D,,
37605,2019년 2차 행정직계약직육아휴직대체 채용,한국여성정책연구원,공공기관,20190321,20190404,기간제기타,http://www.work.go.kr/framework/filedownload/getImage.do?filePathName=KuBCC2IodBkj%2Frlv8XuRio7tN8%2FfS0w1%2BizSZ9MRlvJoSCVyUTrOo7hBDpiOJTGn7suWeZYPwv8GKFqD7PXO%2Fg%3D%3D,http://www.kwdi.re.kr/plaza/recruitView.do?p=1&idx=123377,
37603,임원실 비서,아트박스,중견기업,20190322,20190407,기간제기타,http://www.work.go.kr/framework/filedownload/getImage.do?filePathName=KuBCC2IodBkj%2Frlv8XuRiguGtrHU3dxrLW5pirX9HNMR1j6v7GaePOkKCWbAylW%2B7suWeZYPwv8GKFqD7PXO%2Fg%3D%3D,http://recruit.artbox.co.kr/recruit_list.asp,
37599,효성기술원 경력 연구원 채용,효성,대기업,20190319,20190402,정규직,http://www.work.go.kr/framework/filedownload/getImage.do?filePathName=KuBCC2IodBkj%2Frlv8XuRihBSGWPyJEvD%2Bbibk1Wa4RkUFrE1C47B5hig4EezlIR87suWeZYPwv8GKFqD7PXO%2Fg%3D%3D,http://recruit.hyosung.com/employ/announce/EMEA301Q.jsp,
37598,정규직 공개경쟁 채용 공고,국가과학기술연구회,공기업,20190321,20190405,정규직,http://www.work.go.kr/framework/filedownload/getImage.do?filePathName=KuBCC2IodBkj%2Frlv8XuRio7tN8%2FfS0w1%2BizSZ9MRlvJDy8FvW3oU0O%2FifyUoaKoS7suWeZYPwv8GKFqD7PXO%2Fg%3D%3D,https://nst.re.kr/nst/notice/01_04.jsp?mode=view&article_no=51824,
37597,준법경영실 경력사원 모집,한국유나이티드제약,중견기업,20190321,20190407,정규직,http://www.work.go.kr/framework/filedownload/getImage.do?filePathName=ZGI9%2BubbEcHpFsdRT26HvByTZKDWTqYsjBQHoDR9%2FBq0ahNxFogpvT5WcKoRWl7d,https://www.kup.co.kr/recruit/notice_list.asp,
37595,2019년 경력사원 3월 정기공채,코오롱,대기업,20190316,20190403,정규직,http://www.work.go.kr/framework/filedownload/getImage.do?filePathName=KuBCC2IodBkj%2Frlv8XuRihSNUHb7H3Jb5gf3mKUDsNFQEvCQUCrwa3uOEcLsGchw7suWeZYPwv8GKFqD7PXO%2Fg%3D%3D,https://dream.kolon.com/RECRUIT_KOLON/hr/rec/recruit/jobopen/controller/candidate/JobOpen310WebController/init.hr,
37593,본사 이러닝사업본부 마케팅실 서비스기획팀 경력직 채용,이투스교육,중견기업,20190315,20190402,정규직,http://www.work.go.kr/framework/filedownload/getImage.do?filePathName=tqyczLUvysXSEcOVhPgDCt8muLsnmCxZT1tNS9fWjxpT6aZYS6vBG58ETUR5BLGVIlZ%2F0Zg66Cl55Y%2BvG8BxzeMD2XV1YNekvjQY4FyHrmw%3D,https://recruit.etoos.com/recruit/listRecruitApply.do,
37592,상품개발팀 신입사원 채용,푸르덴셜생명보험,대기업,20190319,20190403,정규직,http://www.work.go.kr/framework/filedownload/getImage.do?filePathName=ZGI9%2BubbEcHpFsdRT26HvJKGVotKokVTIULJJmoMdLL5R1EUV55VuoVK51pMeVLK,https://prudential.recruiter.co.kr/app/jobnotice/view?systemKindCode=MRS1&jobnoticeSn=20519,
37591,경력 Data Scientist,티켓몬스터,중견기업,20190322,20190403,정규직,http://www.work.go.kr/framework/filedownload/getImage.do?filePathName=ZGI9%2BubbEcHpFsdRT26HvCtLkPmEbdw265dhQOvJqzN8E3%2BHeX59Qo3uuNktrf2D,https://recruit.tmon.co.kr/recruit/detail/001/146817,
37590,게임기획 인턴 채용,엔에이치엔엔터테인먼트,중견기업,20190322,20190522,기간제기타,http://www.work.go.kr/framework/filedownload/getImage.do?filePathName=KuBCC2IodBkj%2Frlv8XuRisrJqQij789SYiMWgAZC%2FBUpJqeHmr%2Bv3gMrjeE%2BaB1x7suWeZYPwv8GKFqD7PXO%2Fg%3D%3D,https://recruit.nhnent.com/ent/recruitings/20001158,
37587,차PD 신입경력  경인지역,에스케이엔카닷컴,대기업,20190320,20190407,정규직,http://www.work.go.kr/framework/filedownload/getImage.do?filePathName=KuBCC2IodBkj%2Frlv8XuRiluB3WEJf6b5BQH%2FSZXKxaT%2By%2BzmSBVYHERszs2ctn6V7suWeZYPwv8GKFqD7PXO%2Fg%3D%3D,https://encar.recruiter.co.kr/app/jobnotice/view?systemKindCode=MRS2&jobnoticeSn=8001,
37576,무역 2019년 상반기 신입사원 공개채용,한화,대기업,20190320,20190407,정규직,http://www.work.go.kr/framework/filedownload/getImage.do?filePathName=KuBCC2IodBkj%2Frlv8XuRikqBnvDKA7hH%2B1dGR79gHXKenksUWgE4%2B8jOnrEdKYoM7suWeZYPwv8GKFqD7PXO%2Fg%3D%3D,https://www.hanwhain.com/web/apply/notification/view.do?rtSeq=3481,
37558,2019년 상반기 신입사원 공채 모집요강,아시아나항공,대기업,20190321,20190405,정규직,http://www.work.go.kr/framework/filedownload/getImage.do?filePathName=ZGI9%2BubbEcHpFsdRT26HvEZqydVuifEy%2BMYjU5vZqmqn2tH6a7Lrl%2FOC39xLtCIt,https://recruit.kumhoasiana.com:4431/jobinfo/jobinfo_view.asp?ID=1032,
37557,2019년 상반기 신입사원 공채 모집요강,금호리조트,대기업,20190321,20190405,정규직,http://www.work.go.kr/framework/filedownload/getImage.do?filePathName=KuBCC2IodBkj%2Frlv8XuRil5igCEcov4jr5wZ2dwI8yJ%2BCl1PxAVsaPnILP7v1psK7suWeZYPwv8GKFqD7PXO%2Fg%3D%3D,https://recruit.kumhoasiana.com:4431/jobinfo/jobinfo_view.asp?ID=1032,
37556,2019 상반기 신입사원 모집,한화테크윈,대기업,20190320,20190405,정규직,http://www.work.go.kr/framework/filedownload/getImage.do?filePathName=ZGI9%2BubbEcHpFsdRT26HvOx8%2FnanuuAyfMEdFI1LPQ%2FQuZqXp4Mty7ARZWKED8Xm,https://www.hanwhain.com/web/apply/notification/view.do?rtSeq=3490,
37551,2019년 1분기 사무직기술직 수시채용,한국미쓰비시엘리베이터,중견기업,20190319,20190403,정규직기간제기타,http://www.work.go.kr/framework/filedownload/getImage.do?filePathName=ZGI9%2BubbEcHpFsdRT26HvKmR%2BP1WpbTyVUdgxWVbKAA33ptcUp1EkwS8ewdqyH6G,https://rcrt.mitsubishielevator.co.kr/recruitAnnounceList.do,
37546,하이브리드관제 취약점진단 모의해킹전문가,안랩,중견기업,20190319,20190402,정규직,http://www.work.go.kr/framework/filedownload/getImage.do?filePathName=ZGI9%2BubbEcHpFsdRT26HvHhiIhQrJFRJW5R%2BGnFZNpWFmCh8Nk20GQcCoSrxcp73,https://ahnlab.recruiter.co.kr/app/jobnotice/view?systemKindCode=MRS2&jobnoticeSn=7913,
37542,Expert 웹서비스 개발 분야 전문가,에스케이텔레콤,대기업,20190312,20190411,정규직,http://www.work.go.kr/framework/filedownload/getImage.do?filePathName=KuBCC2IodBkj%2Frlv8XuRiqWFTeUnC7Ku62jSw89T55S8vfkZRM3S%2FA9%2FFLaarZ0gVCYZge%2B3Ai%2BWL36%2FdbFmVg%3D%3D,https://tas-sktelecom.taleo.net/careersection/ex/jobdetail.ftl?job=1900002B&lang=ko,
37541,2019년도 상반기 직원경력직 청년인턴 채용 공고,한국수산자원관리공단,공공기관,20190322,20190404,정규직기간제기타,http://www.work.go.kr/framework/filedownload/getImage.do?filePathName=KuBCC2IodBkj%2Frlv8XuRinN703rWrXH3lOaLLxqJgPYLn3TXXACksE%2FNmbF0pcRp7suWeZYPwv8GKFqD7PXO%2Fg%3D%3D,http://www.fira.or.kr/fira/fira_010101_2.jsp?mode=view&article_no=22321&board_wrapper=%2Ffira%2Ffira_010101_2.jsp&pager.offset=0&board_no=3,
37534,홍보분야 경력사원 모집본사,엘지화학,대기업,20190318,20190404,정규직,http://www.work.go.kr/framework/filedownload/getImage.do?filePathName=KuBCC2IodBkj%2Frlv8XuRiiUI73BW2bN9%2FqqfEB%2F4Y9cg7vwEQLmdWgZ4BBzlQmSC7suWeZYPwv8GKFqD7PXO%2Fg%3D%3D,http://apply.lg.com/app/job/RetrieveJobNoticesDetail.rpi,
37528,컴포넌트솔루션 사업부 박사경력 채용공고,삼성전기,대기업,20190320,20190407,정규직,http://www.work.go.kr/framework/filedownload/getImage.do?filePathName=ZGI9%2BubbEcHpFsdRT26HvPAkUClTXHOTics9W1vzwde%2FtcehcEui1O0dG2PMrxmk,http://apply.samsung.co.kr/rec/apply/ComResumeServlet?cmd=pstMain,
37520,경력직정규직 직원 공개 모집,한국철도공사,공기업,20190401,20190403,정규직,http://www.work.go.kr/framework/filedownload/getImage.do?filePathName=ZGI9%2BubbEcHpFsdRT26HvB0OnowoKQCowEqs3GR2GGf1TPayHu%2BH30Xke1u9QpZg,http://info.korail.com/mbs/www/jsp/board/view.jsp?spage=1&boardId=9863175&boardSeq=14778735&mcategoryId=&id=www_011201000000,
37517,2019년 상반기 대졸 신입사원 채용,이씨에스텔레콤,,20190318,20190405,정규직,http://www.work.go.kr/framework/filedownload/getImage.do?filePathName=ZGI9%2BubbEcHpFsdRT26HvOxBzZ31N28z8l5s5uuNuMDFvFfIDYfpeLKey%2B8QrwPp,http://www.ecstel.co.kr/NEW/board/bbs/board.php?bo_table=career&wr_id=26,
37516,사업글로벌사업PM신입경력,웹젠,중견기업,20190319,20190405,정규직,http://www.work.go.kr/framework/filedownload/getImage.do?filePathName=ZGI9%2BubbEcHpFsdRT26HvByTZKDWTqYsjBQHoDR9%2FBoKdgNmsYWAaJiDX7aolt9T,https://webzen.recruiter.co.kr/app/jobnotice/view?systemKindCode=MRS1&jobnoticeSn=20521,
37515,2019년 상반기 정규직경영행정분야 채용공고,한국화학연구원,공기업,20190319,20190402,정규직,http://www.work.go.kr/framework/filedownload/getImage.do?filePathName=KuBCC2IodBkj%2Frlv8XuRinN703rWrXH3lOaLLxqJgPb%2BoZg%2By8F5Az17NA9SGshC7suWeZYPwv8GKFqD7PXO%2Fg%3D%3D,https://krict.recruiter.co.kr/app/jobnotice/view?systemKindCode=MRS2&jobnoticeSn=7206,
37488,자금팀 대졸신입 채용,신원,중견기업,20190319,20190402,정규직전환형기간제기타,http://www.work.go.kr/framework/filedownload/getImage.do?filePathName=KuBCC2IodBkj%2Frlv8XuRipNtst2WDjCgui2zFC3H6aXYeTs%2FwHiHCfVTVeWvH9y27suWeZYPwv8GKFqD7PXO%2Fg%3D%3D,http://sw.co.kr/recruit/apply_view.php?insNo=2225,
37485,시네마틱 원화굿즈 담당자 모집,네오위즈,중견기업,20190319,20190413,정규직,http://www.work.go.kr/framework/filedownload/getImage.do?filePathName=KuBCC2IodBkj%2Frlv8XuRipgm1UOl%2Bzl3c9gXxecnwGZZ%2BgJSE%2B37Cf1%2FW87RMsDf7suWeZYPwv8GKFqD7PXO%2Fg%3D%3D,https://recruit.neowiz.com/jobOpening/list.nwz,
37484,왓 스튜디오 메이플IP 신작 모바일 RPG 개발 기획 인재 모집,넥슨코리아,중견기업,20190320,20190520,정규직,http://www.work.go.kr/framework/filedownload/getImage.do?filePathName=ZGI9%2BubbEcHpFsdRT26HvCtLkPmEbdw265dhQOvJqzN8CkDzwJCcaV3ydXwPdcwh,https://career.nexon.com/user/recruit/notice/noticeView?joinCorp=NX&reNo=20190051,
37482,데브캣스튜디오 드래곤 하운드  컨셉 아티스트 모집,넥슨코리아,중견기업,20190320,20190520,정규직,http://www.work.go.kr/framework/filedownload/getImage.do?filePathName=ZGI9%2BubbEcHpFsdRT26HvCtLkPmEbdw265dhQOvJqzN8CkDzwJCcaV3ydXwPdcwh,https://career.nexon.com/user/recruit/notice/noticeView?joinCorp=NX&reNo=20190055,
37481,미디어개발팀 경력직 수시채용 영상 콘텐츠,교원,중견기업,20190318,20190402,정규직,http://www.work.go.kr/framework/filedownload/getImage.do?filePathName=ZGI9%2BubbEcHpFsdRT26HvByTZKDWTqYsjBQHoDR9%2FBrTO9DFwUzRmXrJh7fN4uFb,https://kyowon.recruiter.co.kr/app/jobnotice/view?systemKindCode=MRS2&jobnoticeSn=7854,
37479,Wells신채널영업팀 신입사원 수시채용 일반사무,교원,중견기업,20190319,20190407,정규직,http://www.work.go.kr/framework/filedownload/getImage.do?filePathName=ZGI9%2BubbEcHpFsdRT26HvByTZKDWTqYsjBQHoDR9%2FBrTO9DFwUzRmXrJh7fN4uFb,https://kyowon.recruiter.co.kr/app/jobnotice/view?systemKindCode=MRS2&jobnoticeSn=7923,
37470,신입사원 모집공고,대구도시철도공사,공기업,20190404,20190410,정규직기타,http://www.work.go.kr/framework/filedownload/getImage.do?filePathName=KuBCC2IodBkj%2Frlv8XuRijo5L%2FRsHJhEEMl%2FCUaqnqCCfXkuVGQ0dfT1lUN0c6Ix7suWeZYPwv8GKFqD7PXO%2Fg%3D%3D,https://dtro.scout.co.kr/jobinfo/jobinfo_view.asp?ID=1021,
37469,공장 IoT아키텍쳐 기획 및 구축,기아자동차,대기업,20190318,20190415,정규직,http://www.work.go.kr/framework/filedownload/getImage.do?filePathName=ZGI9%2BubbEcHpFsdRT26HvLvxxitjxM%2FjKk8dcYhd3aSfASpSBCDsXmHd%2FtM5giVH,https://career.kia.com:449/kfront/webapply/applyView.do?recuYy=2019&recuType=66&recuCls=6,
37468,IT기획 및 엔지니어링시스템 개발,기아자동차,대기업,20190318,20190415,정규직,http://www.work.go.kr/framework/filedownload/getImage.do?filePathName=ZGI9%2BubbEcHpFsdRT26HvLvxxitjxM%2FjKk8dcYhd3aSfASpSBCDsXmHd%2FtM5giVH,https://career.kia.com:449/kfront/webapply/applyView.do?recuYy=2019&recuType=66&recuCls=5,
37466,정규직 신입직원 채용공고,한국석유관리원,공공기관,20190327,20190403,정규직,http://www.work.go.kr/framework/filedownload/getImage.do?filePathName=ZGI9%2BubbEcHpFsdRT26HvP0lSP%2FWgueaSVYk8KcVhdkLFHhedFH4wVPQlY5%2Beuxg,https://kpetro.saramin.co.kr/service/kpetro/1304/applicant/apply/recruit_default.asp,
37460,인사부 급여 관리 담당 모집,문화방송,중견기업,20190318,20190402,기간제기타,http://www.work.go.kr/framework/filedownload/getImage.do?filePathName=ZGI9%2BubbEcHpFsdRT26HvJbiuPVRQ9xobDJl6gW0v%2BD7W09mEwDW6np%2F8t0m3mKC,https://recruit.imbc.com/company/recruit/notice/view.aspx?Uid=558&no=332&keyword=,
37454,경력 소프트웨어 개발 프로젝트 매니저 채용,현대엠엔소프트,대기업,20190318,20190408,정규직,http://www.work.go.kr/framework/filedownload/getImage.do?filePathName=ZGI9%2BubbEcHpFsdRT26HvCrGCumSELdCoGIOMF0HKGB5JBAJCzfi3vOOlso5S8Cd,https://hyundai-mnsoft.recruiter.co.kr/app/jobnotice/view?systemKindCode=MRS2&jobnoticeSn=7858,
37440,2019년 부산지부 취업지원직무기계약직 신입직원 공개채용 공고,한국법무보호복지공단,공기업,20190318,20190403,기타,http://www.work.go.kr/framework/filedownload/getImage.do?filePathName=KuBCC2IodBkj%2Frlv8XuRio7tN8%2FfS0w1%2BizSZ9MRlvKqsYUoKtBNdFN5ZMkbXrmV7suWeZYPwv8GKFqD7PXO%2Fg%3D%3D,https://koreha.or.kr/board/view.do?MN1=6&MN2=113&MN3=null&MN=113&BRD_ID=S_Notice&BBS_IDX=1045&ETC_1=hire&REG_DATE=2019-03-18,
37435,2019년 상반기 신입채용  Engineer 영업 재경 구매,한화케미칼,대기업,20190318,20190405,정규직,http://www.work.go.kr/framework/filedownload/getImage.do?filePathName=ZGI9%2BubbEcHpFsdRT26HvAN3OthAHF8N9YGLv2%2BltPJ469Ll%2BP0SZ3GfuFhN8Ehk,https://www.hanwhain.com/web/apply/notification/view.do?rtSeq=3455,
37433,2019년 정규직 전환형 하계 인턴 채용,엘에프,중견기업,20190318,20190402,정규직전환형기간제기타,http://www.work.go.kr/framework/filedownload/getImage.do?filePathName=KuBCC2IodBkj%2Frlv8XuRiiLoTVuPeT0OKZb%2FAgNmJfJGue8Iy712lSx15Kxyrh%2FC7suWeZYPwv8GKFqD7PXO%2Fg%3D%3D,https://recruit.lfcorp.com/crub/Jbno10View.do,
37431,2019년 상반기 신입채용  RD,한화케미칼,대기업,20190318,20190405,정규직,http://www.work.go.kr/framework/filedownload/getImage.do?filePathName=ZGI9%2BubbEcHpFsdRT26HvAN3OthAHF8N9YGLv2%2BltPJ469Ll%2BP0SZ3GfuFhN8Ehk,https://www.hanwhain.com/web/apply/notification/view.do?rtSeq=3456,
37430,구몬스마트운영팀 경력직 수시채용Data 분석,교원,중견기업,20190312,20190407,정규직,http://www.work.go.kr/framework/filedownload/getImage.do?filePathName=ZGI9%2BubbEcHpFsdRT26HvByTZKDWTqYsjBQHoDR9%2FBrTO9DFwUzRmXrJh7fN4uFb,https://kyowon.recruiter.co.kr/app/jobnotice/view?systemKindCode=MRS2&jobnoticeSn=7653,
37429,IT서비스개발1팀 경력직 수시채용 웹개발  웹앱 개발 CRM시스템 설계구축,교원,중견기업,20190318,20190407,정규직,http://www.work.go.kr/framework/filedownload/getImage.do?filePathName=ZGI9%2BubbEcHpFsdRT26HvByTZKDWTqYsjBQHoDR9%2FBrTO9DFwUzRmXrJh7fN4uFb,https://kyowon.recruiter.co.kr/app/jobnotice/view?systemKindCode=MRS2&jobnoticeSn=7828,
37425,AI 연구개발 직군 모집,넷마블,중견기업,20190318,20190518,정규직,http://www.work.go.kr/framework/filedownload/getImage.do?filePathName=KuBCC2IodBkj%2Frlv8XuRinwzgLAM2A8RrQ5kkeEpm6s5MYTvTTufOJd6fdIXzJ6V7suWeZYPwv8GKFqD7PXO%2Fg%3D%3D,https://company.netmarble.com/rem/www/notice.jsp?anno_id=1533571&annotype=all,
37424,2019년 제1차 청년인턴체험형 채용 공고,선박안전기술공단,공기업,20190318,20190402,기간제기타,http://www.work.go.kr/framework/filedownload/getImage.do?filePathName=KuBCC2IodBkj%2Frlv8XuRio7tN8%2FfS0w1%2BizSZ9MRlvIo8I8BD0bGit35%2BAQSh5dD7suWeZYPwv8GKFqD7PXO%2Fg%3D%3D,https://www.kst.or.kr/frt/boardView.do?strCurMenuId=668&nTbBoardArticleSeq=600588320,
37422,데이터 분석 직군 모집,넷마블,중견기업,20190318,20190518,정규직,http://www.work.go.kr/framework/filedownload/getImage.do?filePathName=KuBCC2IodBkj%2Frlv8XuRinwzgLAM2A8RrQ5kkeEpm6s5MYTvTTufOJd6fdIXzJ6V7suWeZYPwv8GKFqD7PXO%2Fg%3D%3D,https://company.netmarble.com/rem/www/notice.jsp?anno_id=1533879&annotype=all,
37416,2019년 신입경력사원 모집,용평리조트,중견기업,20190301,20190501,정규직전환형기간제기타,http://www.work.go.kr/framework/filedownload/getImage.do?filePathName=KuBCC2IodBkj%2Frlv8XuRihT61Pr5zEhWdV%2FAkIdVgz2IuJ%2BBnasBK4omH9O330eN7suWeZYPwv8GKFqD7PXO%2Fg%3D%3D,https://www.yongpyong.co.kr/kor/recruit/announce/list.do,
37410,2019년 경력직 채용 AS,대우조선해양건설,중견기업,20190214,20190430,기타,http://www.work.go.kr/framework/filedownload/getImage.do?filePathName=ZGI9%2BubbEcHpFsdRT26HvOz4bzRQescr8HCvxIeWefZNKRt5UccQqO3XCkOKEWo%2F,http://www.dsmec.com/recruit/notice_list.asp,
37369,코어뱅킹 외환영역 IT 담당자,한국카카오은행,대기업,20190315,20190515,정규직,http://www.work.go.kr/framework/filedownload/getImage.do?filePathName=KuBCC2IodBkj%2Frlv8XuRikllvXFHstD22ZTSxou4%2FB1nJxTKvrrXInEbGnSxP9M07suWeZYPwv8GKFqD7PXO%2Fg%3D%3D,https://kakaobank.recruiter.co.kr/app/jobnotice/view?systemKindCode=MRS2&jobnoticeSn=7648,
37337,Expert Cloud Database Adminitrator 분야 전문가,에스케이텔레콤,대기업,20190314,20190413,정규직,http://www.work.go.kr/framework/filedownload/getImage.do?filePathName=KuBCC2IodBkj%2Frlv8XuRiqWFTeUnC7Ku62jSw89T55S8vfkZRM3S%2FA9%2FFLaarZ0gVCYZge%2B3Ai%2BWL36%2FdbFmVg%3D%3D,https://tas-sktelecom.taleo.net/careersection/ex/moresearch.ftl?lang=ko&portal,
37336,Expert Cloud System Engineering 분야 전문가,에스케이텔레콤,대기업,20190314,20190413,정규직,http://www.work.go.kr/framework/filedownload/getImage.do?filePathName=KuBCC2IodBkj%2Frlv8XuRiqWFTeUnC7Ku62jSw89T55S8vfkZRM3S%2FA9%2FFLaarZ0gVCYZge%2B3Ai%2BWL36%2FdbFmVg%3D%3D,https://tas-sktelecom.taleo.net/careersection/ex/moresearch.ftl?lang=ko&portal,
37314,영상컨텐츠애니메이션드라마영화 시나리오 작가 채용 계약직정규직,엔씨소프트,중견기업,20190311,20190430,정규직기타,http://www.work.go.kr/framework/filedownload/getImage.do?filePathName=ZGI9%2BubbEcHpFsdRT26HvD5ZNZMU%2FSFziUVQigG7EWR3%2Fc1STDnJntNsKflBvDXG,https://recruit.ncsoft.net/korean/careers/adoptionview.aspx?BID=&BC=&SYear=&SType=&SWord=&PNo=1&d1=1&d2=0&BNo=7174&Section=,
37313,영상컨텐츠애니메이션드라마영화 캐릭터 컨셉 아티스트 채용,엔씨소프트,중견기업,20190311,20190430,정규직,http://www.work.go.kr/framework/filedownload/getImage.do?filePathName=ZGI9%2BubbEcHpFsdRT26HvD5ZNZMU%2FSFziUVQigG7EWR3%2Fc1STDnJntNsKflBvDXG,https://recruit.ncsoft.net/korean/careers/adoptionview.aspx?BID=&BC=&SYear=&SType=&SWord=&PNo=1&d1=1&d2=0&BNo=7177&Section=,
37278,SION 신규 모바일 MMORPG 시스템 기획자 모집,넥슨코리아,중견기업,20190314,20190514,정규직,http://www.work.go.kr/framework/filedownload/getImage.do?filePathName=ZGI9%2BubbEcHpFsdRT26HvCtLkPmEbdw265dhQOvJqzN8CkDzwJCcaV3ydXwPdcwh,https://career.nexon.com/user/recruit/notice/noticeView?joinCorp=NX&reNo=20190045,
37277,BBQ 캐릭터 및 액션 설계 기획자 모집,네오플,대기업,20190313,20190513,정규직,http://www.work.go.kr/framework/filedownload/getImage.do?filePathName=ZGI9%2BubbEcHpFsdRT26HvJbiuPVRQ9xobDJl6gW0v%2BCmkmGF3C5wdGXFAsYxbUKV,https://career.nexon.com/user/recruit/notice/noticeView?joinCorp=NO&reNo=20190015,
37252,글로벌서비스실 온라인게임 글로벌 사업PM 모집,넥슨코리아,중견기업,20190312,20190512,정규직,http://www.work.go.kr/framework/filedownload/getImage.do?filePathName=ZGI9%2BubbEcHpFsdRT26HvCtLkPmEbdw265dhQOvJqzN8CkDzwJCcaV3ydXwPdcwh,https://career.nexon.com/user/recruit/notice/noticeList?joinCorp=NX,
37251,본사 기술지원실 건축 기술직 경력사원 채용,이화공영,중견기업,20190312,20190428,정규직,http://www.work.go.kr/framework/filedownload/getImage.do?filePathName=KuBCC2IodBkj%2Frlv8XuRivQes%2FMle6d2S8j3EYGHisZzrO6Fdw0DynhZFcaHM4iM7suWeZYPwv8GKFqD7PXO%2Fg%3D%3D,http://www.ee-hwa.co.kr/2010/eehwa/join.asp,
37250,스마트개발2팀 경력직 수시채용 웹어플리케이션 개발 APP개발,교원,중견기업,20190311,20190407,정규직,http://www.work.go.kr/framework/filedownload/getImage.do?filePathName=ZGI9%2BubbEcHpFsdRT26HvByTZKDWTqYsjBQHoDR9%2FBrTO9DFwUzRmXrJh7fN4uFb,https://kyowon.recruiter.co.kr/app/jobnotice/view?systemKindCode=MRS2&jobnoticeSn=7593,
37233,해외사업중화권 PM,아프리카티비,중견기업,20190313,20190513,정규직,http://www.work.go.kr/framework/filedownload/getImage.do?filePathName=KuBCC2IodBkj%2Frlv8XuRirTW8VVbdvxZp%2BioNmBLyYt4HYUmPqULHHGyTMLZs2gp7suWeZYPwv8GKFqD7PXO%2Fg%3D%3D,https://recruit.afreecatv.com/#452,
37211,2019년 상반기 IT사업부문 해외학부생 인턴 모집,씨제이올리브네트웍스,대기업,20190305,20190405,기간제기타,http://www.work.go.kr/framework/filedownload/getImage.do?filePathName=KuBCC2IodBkj%2Frlv8XuRinw2RDA2Bg0ti5MXdkWRGNpm80tHwHPwUPQrKl%2F%2BEK807suWeZYPwv8GKFqD7PXO%2Fg%3D%3D,http://recruit.cj.net/,
37164,정보보안 임직원 업무환경EndPoint 보안 담당자,한국카카오은행,대기업,20190304,20190504,정규직,http://www.work.go.kr/framework/filedownload/getImage.do?filePathName=KuBCC2IodBkj%2Frlv8XuRikllvXFHstD22ZTSxou4%2FB1nJxTKvrrXInEbGnSxP9M07suWeZYPwv8GKFqD7PXO%2Fg%3D%3D,https://kakaobank.recruiter.co.kr/app/jobnotice/view?systemKindCode=MRS2&jobnoticeSn=7331,
37161,리니지2 서버 프로그래머 채용,엔씨소프트,중견기업,20190304,20190405,정규직,http://www.work.go.kr/framework/filedownload/getImage.do?filePathName=ZGI9%2BubbEcHpFsdRT26HvD5ZNZMU%2FSFziUVQigG7EWR3%2Fc1STDnJntNsKflBvDXG,https://recruit.ncsoft.net/korean/careers/adoptionview.aspx?BID=&BC=&SYear=&SType=&SWord=%EC%84%9C%EB%B2%84+%ED%94%84%EB%A1%9C%EA%B7%B8%EB%9E%98%EB%A8%B8+%EC%B1%84%EC%9A%A9&PNo=1&d1=0&d2=0&BNo=7162&Se,
37129,ExpertTmap택시대중교통 서비스 서버 개발,에스케이텔레콤,대기업,20190307,20190406,정규직,http://www.work.go.kr/framework/filedownload/getImage.do?filePathName=KuBCC2IodBkj%2Frlv8XuRiqWFTeUnC7Ku62jSw89T55S8vfkZRM3S%2FA9%2FFLaarZ0gVCYZge%2B3Ai%2BWL36%2FdbFmVg%3D%3D,https://tas-sktelecom.taleo.net/careersection/ex/moresearch.ftl?lang=ko&portal,
37128,ExpertTmap택시대중교통 서비스 Frontend 개발,에스케이텔레콤,대기업,20190307,20190406,정규직,http://www.work.go.kr/framework/filedownload/getImage.do?filePathName=KuBCC2IodBkj%2Frlv8XuRiqWFTeUnC7Ku62jSw89T55S8vfkZRM3S%2FA9%2FFLaarZ0gVCYZge%2B3Ai%2BWL36%2FdbFmVg%3D%3D,https://tas-sktelecom.taleo.net/careersection/ex/moresearch.ftl?lang=ko&portal,
37120,공통지원전사 지표분석 담당자정규직,위메프,중견기업,20190306,20190405,정규직,http://www.work.go.kr/framework/filedownload/getImage.do?filePathName=KuBCC2IodBkj%2Frlv8XuRiqaGYl8v0VyH8yZqNVDlGTYfsIxiajuIwBm1qUMMR4Bq7suWeZYPwv8GKFqD7PXO%2Fg%3D%3D,https://recruit.wemakeprice.com/notice/list,
37119,신입연구소 출판기획 채용,해커스,중견기업,20190308,20190508,기타,http://www.work.go.kr/framework/filedownload/getImage.do?filePathName=ZGI9%2BubbEcHpFsdRT26HvC%2FetZMOLnajPrEKSn6RPRzi9Y6jgXH7FbtxDY9kSBkl,http://recruit.hackers.com/remNormalList.php?act=view&idx=609,
37117,신입경력직원 어학원 유학 test 담당자,해커스,중견기업,20190308,20190508,정규직,http://www.work.go.kr/framework/filedownload/getImage.do?filePathName=ZGI9%2BubbEcHpFsdRT26HvC%2FetZMOLnajPrEKSn6RPRzi9Y6jgXH7FbtxDY9kSBkl,http://recruit.hackers.com/remNormalList.php?act=view&idx=649,
37097,경력 전장 SW개발_ Android Platform,휴맥스,중견기업,20190308,20190430,정규직,http://www.work.go.kr/framework/filedownload/getImage.do?filePathName=ZGI9%2BubbEcHpFsdRT26HvP0lSP%2FWgueaSVYk8KcVhdk4NnkqzFjA8CG8uJgicJAy,https://recruit.humaxdigital.com/jobs/joblist.aspx,
37096,인텔리전스랩스 분석실  리서치 슈퍼바이저 모집,넥슨코리아,중견기업,20190308,20190508,정규직,http://www.work.go.kr/framework/filedownload/getImage.do?filePathName=ZGI9%2BubbEcHpFsdRT26HvCtLkPmEbdw265dhQOvJqzN8CkDzwJCcaV3ydXwPdcwh,https://career.nexon.com/user/recruit/notice/noticeView?joinCorp=NX&reNo=20190046,
37095,카트 카트라이더 리마스터 카트 원화가 채용,넥슨코리아,중견기업,20190308,20190508,정규직,http://www.work.go.kr/framework/filedownload/getImage.do?filePathName=ZGI9%2BubbEcHpFsdRT26HvCtLkPmEbdw265dhQOvJqzN8CkDzwJCcaV3ydXwPdcwh,https://career.nexon.com/user/recruit/notice/noticeView?joinCorp=NX&reNo=20190047,
37092,던전앤파이터중국 서버 프로그래머 모집,네오플,대기업,20190304,20190504,정규직,http://www.work.go.kr/framework/filedownload/getImage.do?filePathName=ZGI9%2BubbEcHpFsdRT26HvJbiuPVRQ9xobDJl6gW0v%2BCmkmGF3C5wdGXFAsYxbUKV,https://career.nexon.com/user/recruit/notice/noticeView?joinCorp=NO&reNo=20180059,
37088,BBQ 레벨 디자이너 모집,네오플,대기업,20190306,20190506,정규직,http://www.work.go.kr/framework/filedownload/getImage.do?filePathName=ZGI9%2BubbEcHpFsdRT26HvJbiuPVRQ9xobDJl6gW0v%2BCmkmGF3C5wdGXFAsYxbUKV,https://career.nexon.com/user/recruit/notice/noticeView?joinCorp=NO&reNo=20190013,
37079,CITS 부문 경력사원 모집,현대오토에버,대기업,20190307,20190507,정규직,http://www.work.go.kr/framework/filedownload/getImage.do?filePathName=KuBCC2IodBkj%2Frlv8XuRiv8Yi2YJ1rUO9OBUCQvss%2F0gn3QjUEBQEGyMHrD521Kd7suWeZYPwv8GKFqD7PXO%2Fg%3D%3D,http://recruit.hyundai-autoever.com/index.jsp,
37070,프로모션 광고 영업,아프리카티비,중견기업,20190307,20190507,정규직,http://www.work.go.kr/framework/filedownload/getImage.do?filePathName=KuBCC2IodBkj%2Frlv8XuRirTW8VVbdvxZp%2BioNmBLyYt4HYUmPqULHHGyTMLZs2gp7suWeZYPwv8GKFqD7PXO%2Fg%3D%3D,https://recruit.afreecatv.com/#537,
37069,웹 FrontEnd UI 개발자 채용,엔씨소프트,중견기업,20190305,20190430,정규직,http://www.work.go.kr/framework/filedownload/getImage.do?filePathName=ZGI9%2BubbEcHpFsdRT26HvD5ZNZMU%2FSFziUVQigG7EWR3%2Fc1STDnJntNsKflBvDXG,https://recruit.ncsoft.net/korean/careers/adoptionview.aspx?BID=&BC=&SYear=&SType=&SWord=&PNo=1&d1=1&d2=0&BNo=7169&Section=,
37046,경영관리기획,아프리카티비,중견기업,20190307,20190507,정규직,http://www.work.go.kr/framework/filedownload/getImage.do?filePathName=KuBCC2IodBkj%2Frlv8XuRirTW8VVbdvxZp%2BioNmBLyYt4HYUmPqULHHGyTMLZs2gp7suWeZYPwv8GKFqD7PXO%2Fg%3D%3D,https://recruit.afreecatv.com/#523,
37044,개발직 경력 채용,이씨에스텔레콤,,20190304,20190504,정규직,http://www.work.go.kr/framework/filedownload/getImage.do?filePathName=ZGI9%2BubbEcHpFsdRT26HvOxBzZ31N28z8l5s5uuNuMDFvFfIDYfpeLKey%2B8QrwPp,http://www.ecstel.co.kr/,
37030,머신러닝딥러닝 경력 채용,엔에이치엔엔터테인먼트,중견기업,20190306,20190506,정규직,http://www.work.go.kr/framework/filedownload/getImage.do?filePathName=KuBCC2IodBkj%2Frlv8XuRisrJqQij789SYiMWgAZC%2FBUpJqeHmr%2Bv3gMrjeE%2BaB1x7suWeZYPwv8GKFqD7PXO%2Fg%3D%3D,https://recruit.nhnent.com/ent/recruitings/20001144,
37026,신입경력재무회계 채용,해커스,중견기업,20190304,20190430,정규직,http://www.work.go.kr/framework/filedownload/getImage.do?filePathName=ZGI9%2BubbEcHpFsdRT26HvC%2FetZMOLnajPrEKSn6RPRzi9Y6jgXH7FbtxDY9kSBkl,http://recruit.hackers.com/remNormalList.php?act=view&idx=637,
37020,AI빅데이터직군 모집,넷마블,중견기업,20190306,20190506,정규직,http://www.work.go.kr/framework/filedownload/getImage.do?filePathName=KuBCC2IodBkj%2Frlv8XuRinwzgLAM2A8RrQ5kkeEpm6s5MYTvTTufOJd6fdIXzJ6V7suWeZYPwv8GKFqD7PXO%2Fg%3D%3D,https://company.netmarble.com/rem/www/notice.jsp?anno_id=1053987&annotype=all,
37003,Blockchain DApp Service QA,라인플러스,중견기업,20190306,20190506,정규직,http://www.work.go.kr/framework/filedownload/getImage.do?filePathName=KuBCC2IodBkj%2Frlv8XuRio7tN8%2FfS0w1%2BizSZ9MRlvId5wEzldWhQQFQW5j5C9ob7suWeZYPwv8GKFqD7PXO%2Fg%3D%3D,https://recruit.linepluscorp.com/lineplus/career/detail/20002642?classId=&entTypeCd=&tag=&page=,
37000,Software Engineer Blockchain PlatformProtocol,라인플러스,중견기업,20190306,20190506,정규직,http://www.work.go.kr/framework/filedownload/getImage.do?filePathName=KuBCC2IodBkj%2Frlv8XuRio7tN8%2FfS0w1%2BizSZ9MRlvId5wEzldWhQQFQW5j5C9ob7suWeZYPwv8GKFqD7PXO%2Fg%3D%3D,https://recruit.linepluscorp.com/lineplus/career/detail/20002627?classId=&entTypeCd=&tag=&page=,
36996,NAVER 총무지원GA Service 담당자를 찾습니다,네이버아이앤에스,중견기업,20190218,20190418,정규직,http://www.work.go.kr/framework/filedownload/getImage.do?filePathName=KuBCC2IodBkj%2Frlv8XuRiqzAk7ZDTd3CE%2Fmur0S0jkM07sk9Wm0gBqtb%2BRBqN0uH7suWeZYPwv8GKFqD7PXO%2Fg%3D%3D,https://recruit.naverins.com/ins/recruitIng,
36993,회계결산 담당자,네이버아이앤에스,중견기업,20190215,20190415,정규직,http://www.work.go.kr/framework/filedownload/getImage.do?filePathName=KuBCC2IodBkj%2Frlv8XuRiqzAk7ZDTd3CE%2Fmur0S0jkM07sk9Wm0gBqtb%2BRBqN0uH7suWeZYPwv8GKFqD7PXO%2Fg%3D%3D,https://recruit.naverins.com/ins/recruitIng,
36975,글로벌 CS 플랫폼 및 LINE backoffice 기획,라인플러스,중견기업,20190305,20190505,정규직,http://www.work.go.kr/framework/filedownload/getImage.do?filePathName=KuBCC2IodBkj%2Frlv8XuRio7tN8%2FfS0w1%2BizSZ9MRlvId5wEzldWhQQFQW5j5C9ob7suWeZYPwv8GKFqD7PXO%2Fg%3D%3D,https://recruit.linepluscorp.com/lineplus/career/detail/20002639?classId=&entTypeCd=&tag=&page=,
36974,Software Engineer Blockchain PlatformBackend,라인플러스,중견기업,20190305,20190505,정규직,http://www.work.go.kr/framework/filedownload/getImage.do?filePathName=KuBCC2IodBkj%2Frlv8XuRio7tN8%2FfS0w1%2BizSZ9MRlvId5wEzldWhQQFQW5j5C9ob7suWeZYPwv8GKFqD7PXO%2Fg%3D%3D,https://recruit.linepluscorp.com/lineplus/career/detail/20002628?classId=&entTypeCd=&tag=&page=1,
36972,공통 프레임워크 및 플랫폼 소프트웨어 개발,라인플러스,중견기업,20190305,20190505,정규직,http://www.work.go.kr/framework/filedownload/getImage.do?filePathName=KuBCC2IodBkj%2Frlv8XuRio7tN8%2FfS0w1%2BizSZ9MRlvId5wEzldWhQQFQW5j5C9ob7suWeZYPwv8GKFqD7PXO%2Fg%3D%3D,https://recruit.linepluscorp.com/lineplus/career/detail/20002599?classId=&entTypeCd=&tag=&page=,
36942,카트 카트라이더 리마스터 클라이언트 프로그래머 모집,넥슨코리아,중견기업,20190305,20190505,정규직,http://www.work.go.kr/framework/filedownload/getImage.do?filePathName=ZGI9%2BubbEcHpFsdRT26HvCtLkPmEbdw265dhQOvJqzN8CkDzwJCcaV3ydXwPdcwh,https://career.nexon.com/user/recruit/notice/noticeView?joinCorp=NX&reNo=20190035,
36940,카트 카트라이더 리마스터 엔진 프로그래머 모집,넥슨코리아,중견기업,20190305,20190505,정규직,http://www.work.go.kr/framework/filedownload/getImage.do?filePathName=ZGI9%2BubbEcHpFsdRT26HvCtLkPmEbdw265dhQOvJqzN8CkDzwJCcaV3ydXwPdcwh,https://career.nexon.com/user/recruit/notice/noticeView?joinCorp=NX&reNo=20190036,
36924,신입경력 실무 게임기획자 모집,펄어비스,중견기업,20190225,20190424,정규직전환형기간제기타,http://www.work.go.kr/framework/filedownload/getImage.do?filePathName=tqyczLUvysXSEcOVhPgDCkmY370c6ShSg2s%2BI6dMny6Kg%2BGQe5BbzxGJJM7zD26CTwSUWuVQ%2FkyRj1lnzvs%2FnlN%2BNplQKTraQ36dfDwZiAI%3D,https://recruit.pearlabyss.com/,
36922,경영 채용담당자,크래프톤,중견기업,20190304,20190504,정규직,http://www.work.go.kr/framework/filedownload/getImage.do?filePathName=tqyczLUvysXSEcOVhPgDCmxZIgjVPaF7ZzuSXZtUGHLykeLuqDmTeRkwibATKd1ggq%2FTaPBEZO7snM72eFWmHLUc%2FjrVV6i%2Byj35yQdr2iY%3D,https://krafton.jobagent.co.kr:4431/jobinfo/jobinfo_view.asp?ID=1745,
36915,재무 담당 회계사 모집,넷마블,중견기업,20190304,20190504,정규직,http://www.work.go.kr/framework/filedownload/getImage.do?filePathName=KuBCC2IodBkj%2Frlv8XuRinwzgLAM2A8RrQ5kkeEpm6s5MYTvTTufOJd6fdIXzJ6V7suWeZYPwv8GKFqD7PXO%2Fg%3D%3D,https://company.netmarble.com/rem/www/notice.jsp?anno_id=1527198&annotype=all,
36912,재무 정산 담당자 모집,넷마블,중견기업,20190304,20190504,정규직,http://www.work.go.kr/framework/filedownload/getImage.do?filePathName=KuBCC2IodBkj%2Frlv8XuRinwzgLAM2A8RrQ5kkeEpm6s5MYTvTTufOJd6fdIXzJ6V7suWeZYPwv8GKFqD7PXO%2Fg%3D%3D,https://company.netmarble.com/rem/www/notice.jsp?anno_id=1529252&annotype=all,
36908,Whale  웨일 데스크탑 브라우저 개발 경력사원,네이버,중견기업,20190219,20190430,정규직,http://www.work.go.kr/framework/filedownload/getImage.do?filePathName=ZGI9%2BubbEcHpFsdRT26HvCtLkPmEbdw265dhQOvJqzOjSX8JpMLZEuWMVEDPF08G,https://recruit.navercorp.com/naver/job/list/developer,
36906,G사업실 마비노기모바일 사업PM모집,넥슨코리아,중견기업,20190304,20190504,정규직,http://www.work.go.kr/framework/filedownload/getImage.do?filePathName=ZGI9%2BubbEcHpFsdRT26HvCtLkPmEbdw265dhQOvJqzN8CkDzwJCcaV3ydXwPdcwh,https://career.nexon.com/user/recruit/notice/noticeView?joinCorp=NX&reNo=20190040,
36904,G사업실 신규모바일 MMORPG 사업PM 모집,넥슨코리아,중견기업,20190304,20190504,정규직,http://www.work.go.kr/framework/filedownload/getImage.do?filePathName=ZGI9%2BubbEcHpFsdRT26HvCtLkPmEbdw265dhQOvJqzN8CkDzwJCcaV3ydXwPdcwh,https://career.nexon.com/user/recruit/notice/noticeView?joinCorp=NX&reNo=20190041,
36863,변호사 모집,유안타증권,대기업,20190228,20190428,정규직전환형기간제기타,http://www.work.go.kr/framework/filedownload/getImage.do?filePathName=KuBCC2IodBkj%2Frlv8XuRiiLoTVuPeT0OKZb%2FAgNmJfL8UrqZfJAolkRG4iablMAI7suWeZYPwv8GKFqD7PXO%2Fg%3D%3D,http://recruit.yuantakorea.com/jobinfo/jobinfo_view.asp?ID=1525,
36827,Security Solution 개발 경력직 모집,텔레칩스,,20190228,20190428,정규직,http://www.work.go.kr/framework/filedownload/getImage.do?filePathName=KuBCC2IodBkj%2Frlv8XuRio1SYYNCW6QJeJHgljEqVwdfCBkpSrNhOOUURRm1eB6y7suWeZYPwv8GKFqD7PXO%2Fg%3D%3D,https://careers.telechips.com/kor/jobs/notice_view.php?idx=24&recruit_type=A&recruit_leng=&page=0&list=0,
36824,Kernel BSP Driver개발 경력직 모집,텔레칩스,,20190228,20190428,정규직,http://www.work.go.kr/framework/filedownload/getImage.do?filePathName=KuBCC2IodBkj%2Frlv8XuRio1SYYNCW6QJeJHgljEqVwdfCBkpSrNhOOUURRm1eB6y7suWeZYPwv8GKFqD7PXO%2Fg%3D%3D,https://careers.telechips.com/kor/jobs/notice_view.php?idx=34&recruit_type=A&recruit_leng=&page=0&list=0,
36799,SW Architecture 개발 경력직 모집,텔레칩스,,20190227,20190427,정규직,http://www.work.go.kr/framework/filedownload/getImage.do?filePathName=KuBCC2IodBkj%2Frlv8XuRio1SYYNCW6QJeJHgljEqVwdfCBkpSrNhOOUURRm1eB6y7suWeZYPwv8GKFqD7PXO%2Fg%3D%3D,https://careers.telechips.com/kor/jobs/notice_view.php?idx=36&recruit_type=A&recruit_leng=&page=0&list=0,
36798,Android Framework 개발 경력직 모집,텔레칩스,,20190227,20190427,정규직,http://www.work.go.kr/framework/filedownload/getImage.do?filePathName=KuBCC2IodBkj%2Frlv8XuRio1SYYNCW6QJeJHgljEqVwdfCBkpSrNhOOUURRm1eB6y7suWeZYPwv8GKFqD7PXO%2Fg%3D%3D,https://careers.telechips.com/kor/jobs/notice_view.php?idx=27&recruit_type=A&recruit_leng=&page=0&list=0,
36793,항공발권 경력사원 수시채용,현대드림투어,대기업,20190225,20190425,정규직,http://www.work.go.kr/framework/filedownload/getImage.do?filePathName=KuBCC2IodBkj%2Frlv8XuRineadOEM%2FB%2FqU%2FwrhAdfjg4c6ujCNDRnfZKh8h6MAO3L7suWeZYPwv8GKFqD7PXO%2Fg%3D%3D,https://recruit.ehyundai.com/recruit-info/announcement/view.nhd?pageNo=1&hireGb=01&hireId=2019090&coCd=&applYn=&searchStr=,
36789,2019년도 수시채용 공고신성장사업실화력정비팀안전관리실,금화피에스시,중견기업,20190226,20190426,정규직기타,http://www.work.go.kr/framework/filedownload/getImage.do?filePathName=KuBCC2IodBkj%2Frlv8XuRimTSjRFLnub3wFSGd1zFeQy27vWHXxRyOregsogtmj5f7suWeZYPwv8GKFqD7PXO%2Fg%3D%3D,http://www.geumhwa.co.kr/,
36780,SOC설계 경력직 모집,텔레칩스,,20190226,20190426,정규직,http://www.work.go.kr/framework/filedownload/getImage.do?filePathName=KuBCC2IodBkj%2Frlv8XuRio1SYYNCW6QJeJHgljEqVwdfCBkpSrNhOOUURRm1eB6y7suWeZYPwv8GKFqD7PXO%2Fg%3D%3D,https://careers.telechips.com/kor/jobs/notice_view.php?idx=20&recruit_type=C&recruit_leng=&page=0&list=0,
36765,기술영업분야 담당자 채용,블루버드,,20190226,20190426,정규직,http://www.work.go.kr/framework/filedownload/getImage.do?filePathName=KuBCC2IodBkj%2Frlv8XuRioV1NPwMh8bNLKqYW2Yn%2FTphjL36CgXlE5bZZ4dXKiYv7suWeZYPwv8GKFqD7PXO%2Fg%3D%3D,https://bluebird.shallwe.kr/_client/base/recruit/apply/recruit_list.asp,
36755,문막공장 물류서무 담당 채용,케이씨씨,대기업,20190220,20190420,정규직,http://www.work.go.kr/framework/filedownload/getImage.do?filePathName=KuBCC2IodBkj%2Frlv8XuRim%2FJyijH9xZx3W%2FxNhvvXobcOwIBgET7gVakamfmZ1ms7suWeZYPwv8GKFqD7PXO%2Fg%3D%3D,http://recruit.kccworld.info/menu/menuDetail.do?lSeq=714,
36745,신입 상시모집 물류직 인턴사원,교보문고,대기업,20190226,20190426,정규직전환형기간제기타,http://www.work.go.kr/framework/filedownload/getImage.do?filePathName=ZGI9%2BubbEcHpFsdRT26HvJC6TFqNAXgqfUxGVrcPs4X1hAgV2OrIOjTMikWY7zK8,https://ehr.kyobobook.co.kr/recr/recruit_info_1.jsp,
36734,FXM 모바일 RPG 기획자 모집,넥슨코리아,중견기업,20190226,20190426,정규직,http://www.work.go.kr/framework/filedownload/getImage.do?filePathName=ZGI9%2BubbEcHpFsdRT26HvCtLkPmEbdw265dhQOvJqzN8CkDzwJCcaV3ydXwPdcwh,https://career.nexon.com/user/recruit/notice/noticeView?joinCorp=NX&reNo=20190030,
36733,경력 검은사막 글로벌 서비스 운영 담당자 모집,펄어비스,중견기업,20190221,20190420,정규직기간제기타,http://www.work.go.kr/framework/filedownload/getImage.do?filePathName=tqyczLUvysXSEcOVhPgDCkmY370c6ShSg2s%2BI6dMny6Kg%2BGQe5BbzxGJJM7zD26CTwSUWuVQ%2FkyRj1lnzvs%2FnlN%2BNplQKTraQ36dfDwZiAI%3D,https://recruit.pearlabyss.com/,
36732,인텔리전스랩스 분석실  데이터분석가 모집,넥슨코리아,중견기업,20190226,20190426,정규직,http://www.work.go.kr/framework/filedownload/getImage.do?filePathName=ZGI9%2BubbEcHpFsdRT26HvCtLkPmEbdw265dhQOvJqzN8CkDzwJCcaV3ydXwPdcwh,https://career.nexon.com/user/recruit/notice/noticeView?joinCorp=NX&reNo=20190034,
36731,신입경력 UI스크립트 개발자 모집,펄어비스,중견기업,20190221,20190420,정규직기간제기타,http://www.work.go.kr/framework/filedownload/getImage.do?filePathName=tqyczLUvysXSEcOVhPgDCkmY370c6ShSg2s%2BI6dMny6Kg%2BGQe5BbzxGJJM7zD26CTwSUWuVQ%2FkyRj1lnzvs%2FnlN%2BNplQKTraQ36dfDwZiAI%3D,https://recruit.pearlabyss.com/,
36679,개발 직군 모집,넷마블,중견기업,20190225,20190425,정규직,http://www.work.go.kr/framework/filedownload/getImage.do?filePathName=KuBCC2IodBkj%2Frlv8XuRinwzgLAM2A8RrQ5kkeEpm6s5MYTvTTufOJd6fdIXzJ6V7suWeZYPwv8GKFqD7PXO%2Fg%3D%3D,https://company.netmarble.com/rem/www/notice.jsp?anno_id=1523394&annotype=all,
36634,보안 직군 모집,넷마블,중견기업,20190222,20190422,정규직기간제기타,http://www.work.go.kr/framework/filedownload/getImage.do?filePathName=KuBCC2IodBkj%2Frlv8XuRinwzgLAM2A8RrQ5kkeEpm6s5MYTvTTufOJd6fdIXzJ6V7suWeZYPwv8GKFqD7PXO%2Fg%3D%3D,https://company.netmarble.com/rem/www/notice.jsp?anno_id=1523555&annotype=all,
36623,LINE FRIENDS B2B Sales  Retail Marketing,라인플러스,중견기업,20190222,20190422,정규직,http://www.work.go.kr/framework/filedownload/getImage.do?filePathName=KuBCC2IodBkj%2Frlv8XuRio7tN8%2FfS0w1%2BizSZ9MRlvId5wEzldWhQQFQW5j5C9ob7suWeZYPwv8GKFqD7PXO%2Fg%3D%3D,https://recruit.linepluscorp.com/lineplus/career/detail/20002630?classId=&entTypeCd=&tag=&page=,
36591,공유 모빌리티 플랫폼 기획,한컴엠디에스,중견기업,20190212,20190412,정규직,http://www.work.go.kr/framework/filedownload/getImage.do?filePathName=KuBCC2IodBkj%2Frlv8XuRitqgbEU%2FQwlkvZWsAZW64TLI0%2FwOuWJ8gn3AVZ5bGspY7suWeZYPwv8GKFqD7PXO%2Fg%3D%3D,http://www.hancommds.com/recruit/contents.asp?no=264,
36589,온오프라인 마케팅 실무,한컴엠디에스,중견기업,20190212,20190412,정규직,http://www.work.go.kr/framework/filedownload/getImage.do?filePathName=KuBCC2IodBkj%2Frlv8XuRitqgbEU%2FQwlkvZWsAZW64TLI0%2FwOuWJ8gn3AVZ5bGspY7suWeZYPwv8GKFqD7PXO%2Fg%3D%3D,http://www.hancommds.com/recruit/contents.asp?no=264,
36568,수시채용 영상팀 애니메이터 인재 모집,넥슨지티,중견기업,20190221,20190421,정규직,http://www.work.go.kr/framework/filedownload/getImage.do?filePathName=KuBCC2IodBkj%2Frlv8XuRimGpnj8tATA6zFYqerBwnlu9S0Uffwc9URYGo7HG8mBG7suWeZYPwv8GKFqD7PXO%2Fg%3D%3D,https://career.nexon.com/user/recruit/notice/noticeView?joinCorp=GH&reNo=20190004,
36566,IP사업팀 IP사업팀 인재 모집,넥슨코리아,중견기업,20190221,20190421,정규직,http://www.work.go.kr/framework/filedownload/getImage.do?filePathName=ZGI9%2BubbEcHpFsdRT26HvCtLkPmEbdw265dhQOvJqzN8CkDzwJCcaV3ydXwPdcwh,https://career.nexon.com/user/recruit/notice/noticeView?joinCorp=NX&reNo=20190020,
36499,아레나판교실 프론트엔드 개발자 모집,넥슨코리아,중견기업,20190219,20190419,정규직,http://www.work.go.kr/framework/filedownload/getImage.do?filePathName=ZGI9%2BubbEcHpFsdRT26HvCtLkPmEbdw265dhQOvJqzN8CkDzwJCcaV3ydXwPdcwh,https://career.nexon.com/user/recruit/notice/noticeView?joinCorp=NX&reNo=20180243,
36497,국내메이플 게임프로그래머 모집,넥슨코리아,중견기업,20190218,20190418,정규직,http://www.work.go.kr/framework/filedownload/getImage.do?filePathName=ZGI9%2BubbEcHpFsdRT26HvCtLkPmEbdw265dhQOvJqzN8CkDzwJCcaV3ydXwPdcwh,https://career.nexon.com/user/recruit/notice/noticeView?joinCorp=NX&reNo=20180283,
36472,SPM 경력 채용,이씨에스텔레콤,,20190212,20190412,정규직,http://www.work.go.kr/framework/filedownload/getImage.do?filePathName=ZGI9%2BubbEcHpFsdRT26HvOxBzZ31N28z8l5s5uuNuMDFvFfIDYfpeLKey%2B8QrwPp,http://www.ecstel.co.kr/,
36462,던전앤파이터 클라이언트 프로그래머 모집,네오플,대기업,20190218,20190418,정규직,http://www.work.go.kr/framework/filedownload/getImage.do?filePathName=ZGI9%2BubbEcHpFsdRT26HvJbiuPVRQ9xobDJl6gW0v%2BCmkmGF3C5wdGXFAsYxbUKV,https://career.nexon.com/user/recruit/notice/noticeView?joinCorp=NO&reNo=20180035,
36410,준법감시법무 내부회계 담당자,한국카카오은행,대기업,20190219,20190419,정규직,http://www.work.go.kr/framework/filedownload/getImage.do?filePathName=KuBCC2IodBkj%2Frlv8XuRikllvXFHstD22ZTSxou4%2FB1nJxTKvrrXInEbGnSxP9M07suWeZYPwv8GKFqD7PXO%2Fg%3D%3D,https://kakaobank.recruiter.co.kr/app/jobnotice/view?systemKindCode=MRS2&jobnoticeSn=6653,
36407,개인정보보호 개인정보보호 업무 담당자 5년 이상,한국카카오은행,대기업,20190219,20190419,정규직,http://www.work.go.kr/framework/filedownload/getImage.do?filePathName=KuBCC2IodBkj%2Frlv8XuRikllvXFHstD22ZTSxou4%2FB1nJxTKvrrXInEbGnSxP9M07suWeZYPwv8GKFqD7PXO%2Fg%3D%3D,https://kakaobank.recruiter.co.kr/app/jobnotice/view?systemKindCode=MRS2&jobnoticeSn=2710,
36404,2019년 건설부문 경력사원 모집,현대오토에버,대기업,20190219,20190419,기타,http://www.work.go.kr/framework/filedownload/getImage.do?filePathName=KuBCC2IodBkj%2Frlv8XuRiv8Yi2YJ1rUO9OBUCQvss%2F0gn3QjUEBQEGyMHrD521Kd7suWeZYPwv8GKFqD7PXO%2Fg%3D%3D,http://recruit.hyundai-autoever.com/index.jsp,
36378,Data Scientist LINE 유저 데이터 분석 및 머신러닝 모델 연구개발,라인플러스,중견기업,20190218,20190418,정규직,http://www.work.go.kr/framework/filedownload/getImage.do?filePathName=KuBCC2IodBkj%2Frlv8XuRio7tN8%2FfS0w1%2BizSZ9MRlvId5wEzldWhQQFQW5j5C9ob7suWeZYPwv8GKFqD7PXO%2Fg%3D%3D,https://recruit.linepluscorp.com/lineplus/career/detail/20002598?classId=&entTypeCd=&tag=&page=,
36377,Data Platform 개발,라인플러스,중견기업,20190218,20190418,정규직,http://www.work.go.kr/framework/filedownload/getImage.do?filePathName=KuBCC2IodBkj%2Frlv8XuRio7tN8%2FfS0w1%2BizSZ9MRlvId5wEzldWhQQFQW5j5C9ob7suWeZYPwv8GKFqD7PXO%2Fg%3D%3D,https://recruit.linepluscorp.com/lineplus/career/detail/20002600?classId=&entTypeCd=&tag=&page=,
36330,2019년 IT부문 경력사원 모집,현대오토에버,대기업,20190218,20190418,정규직,http://www.work.go.kr/framework/filedownload/getImage.do?filePathName=KuBCC2IodBkj%2Frlv8XuRiv8Yi2YJ1rUO9OBUCQvss%2F0gn3QjUEBQEGyMHrD521Kd7suWeZYPwv8GKFqD7PXO%2Fg%3D%3D,http://recruit.hyundai-autoever.com/index.jsp,
36316,New Business Development 중화권,라인플러스,중견기업,20190214,20190414,정규직,http://www.work.go.kr/framework/filedownload/getImage.do?filePathName=KuBCC2IodBkj%2Frlv8XuRio7tN8%2FfS0w1%2BizSZ9MRlvId5wEzldWhQQFQW5j5C9ob7suWeZYPwv8GKFqD7PXO%2Fg%3D%3D,https://recruit.linepluscorp.com/lineplus/career/detail/20001582?classId=&entTypeCd=&tag=&page=,
36302,수시채용,휴메딕스,,20190215,20190415,정규직,http://www.work.go.kr/framework/filedownload/getImage.do?filePathName=KuBCC2IodBkj%2Frlv8XuRiguGtrHU3dxrLW5pirX9HNPD6Q%2FNa4vcidPFwpIEwGHZ7suWeZYPwv8GKFqD7PXO%2Fg%3D%3D,http://recruit.huons.com/Recruit/careerDetail?announceType=&announceIdx=152&isOpen=0,
36298,해외사업팀영어권 담당자,아프리카티비,중견기업,20190215,20190415,정규직,http://www.work.go.kr/framework/filedownload/getImage.do?filePathName=KuBCC2IodBkj%2Frlv8XuRirTW8VVbdvxZp%2BioNmBLyYt4HYUmPqULHHGyTMLZs2gp7suWeZYPwv8GKFqD7PXO%2Fg%3D%3D,https://recruit.afreecatv.com/#520,
36292,개인정보보호 개인정보보호 업무 담당자 5년 미만,한국카카오은행,대기업,20190215,20190415,정규직,http://www.work.go.kr/framework/filedownload/getImage.do?filePathName=KuBCC2IodBkj%2Frlv8XuRikllvXFHstD22ZTSxou4%2FB1nJxTKvrrXInEbGnSxP9M07suWeZYPwv8GKFqD7PXO%2Fg%3D%3D,https://kakaobank.recruiter.co.kr/app/jobnotice/view?systemKindCode=MRS2&jobnoticeSn=6711,
36265,인턴교재 콘텐츠 기획 인턴,해커스,중견기업,20190211,20190411,기간제기타,http://www.work.go.kr/framework/filedownload/getImage.do?filePathName=ZGI9%2BubbEcHpFsdRT26HvC%2FetZMOLnajPrEKSn6RPRzi9Y6jgXH7FbtxDY9kSBkl,http://recruit.hackers.com/remNormalList.php?act=view&idx=642,
36255,제조 그룹 채용,블루버드,,20190214,20190414,정규직,http://www.work.go.kr/framework/filedownload/getImage.do?filePathName=KuBCC2IodBkj%2Frlv8XuRioV1NPwMh8bNLKqYW2Yn%2FTphjL36CgXlE5bZZ4dXKiYv7suWeZYPwv8GKFqD7PXO%2Fg%3D%3D,https://bluebird.shallwe.kr/_client/base/recruit/apply/recruit_list.asp,
36254,남미영업분야 담당자 채용,블루버드,,20190214,20190414,정규직,http://www.work.go.kr/framework/filedownload/getImage.do?filePathName=KuBCC2IodBkj%2Frlv8XuRioV1NPwMh8bNLKqYW2Yn%2FTphjL36CgXlE5bZZ4dXKiYv7suWeZYPwv8GKFqD7PXO%2Fg%3D%3D,https://bluebird.shallwe.kr/_client/base/recruit/apply/recruit_list.asp,
36230,신입경력급여 담당자 채용,해커스,중견기업,20190214,20190414,정규직전환형기타,http://www.work.go.kr/framework/filedownload/getImage.do?filePathName=ZGI9%2BubbEcHpFsdRT26HvC%2FetZMOLnajPrEKSn6RPRzi9Y6jgXH7FbtxDY9kSBkl,http://recruit.hackers.com/remNormalList.php?act=view&idx=638,
36226,신입경력한국사 연구원 채용,해커스,중견기업,20190214,20190414,정규직,http://www.work.go.kr/framework/filedownload/getImage.do?filePathName=ZGI9%2BubbEcHpFsdRT26HvC%2FetZMOLnajPrEKSn6RPRzi9Y6jgXH7FbtxDY9kSBkl,http://recruit.hackers.com/remNormalList.php?act=view&idx=639,
36224,데브캣스튜디오프로젝트RVS  게임기획 인재 채용,넥슨코리아,중견기업,20190214,20190414,정규직,http://www.work.go.kr/framework/filedownload/getImage.do?filePathName=ZGI9%2BubbEcHpFsdRT26HvCtLkPmEbdw265dhQOvJqzN8CkDzwJCcaV3ydXwPdcwh,https://career.nexon.com/user/recruit/notice/noticeView?joinCorp=NX&reNo=20190031,
36223,G사업실 모바일 프로젝트 사업PM 모집,넥슨코리아,중견기업,20190214,20190414,정규직,http://www.work.go.kr/framework/filedownload/getImage.do?filePathName=ZGI9%2BubbEcHpFsdRT26HvCtLkPmEbdw265dhQOvJqzN8CkDzwJCcaV3ydXwPdcwh,https://career.nexon.com/user/recruit/notice/noticeView?joinCorp=NX&reNo=20190032,
36222,G사업실 모바일 사업 PM 모집,넥슨코리아,중견기업,20190214,20190414,정규직,http://www.work.go.kr/framework/filedownload/getImage.do?filePathName=ZGI9%2BubbEcHpFsdRT26HvCtLkPmEbdw265dhQOvJqzN8CkDzwJCcaV3ydXwPdcwh,https://career.nexon.com/user/recruit/notice/noticeView?joinCorp=NX&reNo=20190033,
36193,E사업2팀 모바일 게임 사업PM 담당자 모집,넥슨코리아,중견기업,20190212,20190412,정규직,http://www.work.go.kr/framework/filedownload/getImage.do?filePathName=ZGI9%2BubbEcHpFsdRT26HvCtLkPmEbdw265dhQOvJqzN8CkDzwJCcaV3ydXwPdcwh,https://career.nexon.com/user/recruit/notice/noticeView?joinCorp=NX&reNo=20190029,
36173,TECH 보안 정책 담당자,크래프톤,중견기업,20190212,20190412,정규직,http://www.work.go.kr/framework/filedownload/getImage.do?filePathName=tqyczLUvysXSEcOVhPgDCmxZIgjVPaF7ZzuSXZtUGHLykeLuqDmTeRkwibATKd1ggq%2FTaPBEZO7snM72eFWmHLUc%2FjrVV6i%2Byj35yQdr2iY%3D,https://krafton.jobagent.co.kr:4431/jobinfo/jobinfo_view.asp?ID=1741,
36172,TECH 보안팀장,크래프톤,중견기업,20190212,20190412,정규직,http://www.work.go.kr/framework/filedownload/getImage.do?filePathName=tqyczLUvysXSEcOVhPgDCmxZIgjVPaF7ZzuSXZtUGHLykeLuqDmTeRkwibATKd1ggq%2FTaPBEZO7snM72eFWmHLUc%2FjrVV6i%2Byj35yQdr2iY%3D,https://krafton.jobagent.co.kr:4431/jobinfo/jobinfo_view.asp?ID=1740,
36076,수시채용 정보보안팀 정보보안 담당자 인재 모집,넥슨지티,중견기업,20190212,20190412,정규직,http://www.work.go.kr/framework/filedownload/getImage.do?filePathName=KuBCC2IodBkj%2Frlv8XuRimGpnj8tATA6zFYqerBwnlu9S0Uffwc9URYGo7HG8mBG7suWeZYPwv8GKFqD7PXO%2Fg%3D%3D,https://career.nexon.com/user/recruit/notice/noticeView?joinCorp=GH&reNo=20190003,
36026,Data Engineer 신규충원,엔에이치엔고도,중견기업,20190211,20190411,정규직,http://www.work.go.kr/framework/filedownload/getImage.do?filePathName=KuBCC2IodBkj%2Frlv8XuRikFxnOJ5h2a9WAvXjPSpnN4q3xqTn5jsqMWpnNAb%2BF7L7suWeZYPwv8GKFqD7PXO%2Fg%3D%3D,http://recruit.nhnent.com/ent/recruitings/20001127,
36024,Java 웹 서비스 및 플랫폼 개발자 채용,엔에이치엔엔터테인먼트,중견기업,20190211,20190411,정규직,http://www.work.go.kr/framework/filedownload/getImage.do?filePathName=KuBCC2IodBkj%2Frlv8XuRisrJqQij789SYiMWgAZC%2FBUpJqeHmr%2Bv3gMrjeE%2BaB1x7suWeZYPwv8GKFqD7PXO%2Fg%3D%3D,http://recruit.nhnent.com/ent/recruitings/20001115,
35985,카트 카트라이더 리마스터 배경 모델러 모집,넥슨코리아,중견기업,20190208,20190408,정규직,http://www.work.go.kr/framework/filedownload/getImage.do?filePathName=ZGI9%2BubbEcHpFsdRT26HvCtLkPmEbdw265dhQOvJqzN8CkDzwJCcaV3ydXwPdcwh,https://career.nexon.com/user/recruit/notice/noticeView?joinCorp=NX&reNo=20190005,
35984,카트 카트라이더 3D 모델러 및 애니메이터 계약직 모집,넥슨코리아,중견기업,20190208,20190408,기타,http://www.work.go.kr/framework/filedownload/getImage.do?filePathName=ZGI9%2BubbEcHpFsdRT26HvCtLkPmEbdw265dhQOvJqzN8CkDzwJCcaV3ydXwPdcwh,https://career.nexon.com/user/recruit/notice/noticeView?joinCorp=NX&reNo=20180390,
35980,법무 담당자 채용,블루버드,,20190208,20190408,정규직,http://www.work.go.kr/framework/filedownload/getImage.do?filePathName=KuBCC2IodBkj%2Frlv8XuRioV1NPwMh8bNLKqYW2Yn%2FTphjL36CgXlE5bZZ4dXKiYv7suWeZYPwv8GKFqD7PXO%2Fg%3D%3D,https://bluebird.shallwe.kr/_client/base/recruit/apply/recruit_list.asp,
35966,카트 카트라이더 프로그래머 모집,넥슨코리아,중견기업,20190207,20190407,정규직,http://www.work.go.kr/framework/filedownload/getImage.do?filePathName=ZGI9%2BubbEcHpFsdRT26HvCtLkPmEbdw265dhQOvJqzN8CkDzwJCcaV3ydXwPdcwh,https://career.nexon.com/user/recruit/notice/noticeView?joinCorp=NX&reNo=20180277,
35961,감사 감사업무 담당자,한국카카오은행,대기업,20190208,20190408,정규직,http://www.work.go.kr/framework/filedownload/getImage.do?filePathName=KuBCC2IodBkj%2Frlv8XuRikllvXFHstD22ZTSxou4%2FB1nJxTKvrrXInEbGnSxP9M07suWeZYPwv8GKFqD7PXO%2Fg%3D%3D,https://kakaobank.recruiter.co.kr/app/jobnotice/view?systemKindCode=MRS2&jobnoticeSn=4353,
35948,범용선반기술자밀링모집,청우유체,,20190208,20190408,정규직전환형,http://www.work.go.kr/framework/filedownload/getImage.do?filePathName=tqyczLUvysXSEcOVhPgDCobxsils1ikr5N2Zj7rZdR3eugjnAbTdeA%2B1Lu2z8NuukmiQr%2BFOr%2FqDwjMYVtzekxA1dZ%2Bk60gB%2B%2F7XID%2BNk2g%3D,,
35927,게임 영상 디자이너 모집,네오플,대기업,20190207,20190407,정규직,http://www.work.go.kr/framework/filedownload/getImage.do?filePathName=ZGI9%2BubbEcHpFsdRT26HvJbiuPVRQ9xobDJl6gW0v%2BCmkmGF3C5wdGXFAsYxbUKV,https://career.nexon.com/user/recruit/notice/noticeView?joinCorp=NO&reNo=20190005,
33000,콘텐츠 기획  영상 디자인 인턴,스마트스터디,,20181119,20191207,정규직전환형기간제기타,http://www.work.go.kr/framework/filedownload/getImage.do?filePathName=KuBCC2IodBkj%2Frlv8XuRipsYCAiU0F8MTPGZSFY1Rek4uMWVagJBCVAtvg1B38sM7suWeZYPwv8GKFqD7PXO%2Fg%3D%3D,https://smartstudy.workable.com/j/6B015BA417,
